Keyword,Traffic,Difficulty,Competition,Date
polar,46,64,1048,9/7/2017
shared,41,47,1436,9/7/2017
hello,61,54,3266,9/7/2017
facebook,83,40,17064,9/7/2017
ball,54,43,31328,9/7/2017
phone,61,32,21911,9/7/2017
candy,61,41,22814,9/7/2017
twitter,71,39,10518,9/10/2017
mrowl,31,91,4,9/10/2017
ideas share,23,28,7175,9/10/2017
knowledge share,31,71,100,9/10/2017
ideas,53,43,9803,9/10/2017
share ideas,31,81,166,9/10/2017
knowledge,51,59,4023,9/10/2017
learn,52,41,67817,9/10/2017
join,44,66,1685,9/10/2017
join now,31,91,17,9/10/2017
to,53,40,69990,9/10/2017
join now to,11,100,1,9/10/2017
to be,39,63,1207,9/10/2017
be,51,43,15102,9/11/2017
now,52,43,6658,9/11/2017
listen to,41,48,688,9/11/2017
listen,52,40,4615,9/11/2017
listen to your favorite songs,12,91,3,9/11/2017
listen to your,19,78,46,9/11/2017
listen to your songs,12,90,8,9/11/2017
listen your,11,56,143,9/11/2017
stream,51,41,13381,9/11/2017
albums listen,23,51,293,9/11/2017
your artists,11,88,120,9/11/2017
share knowledge,31,86,100,9/10/2017
favorite songs,39,47,503,9/11/2017
or,51,40,12843,9/11/2017
your favorite,28,53,470,9/11/2017
favorite artists,27,52,191,9/11/2017
songs,55,40,25827,9/11/2017
albums,49,41,6383,9/11/2017
download songs,42,47,844,9/11/2017
download stream,23,46,596,9/11/2017
playlists,44,41,3136,9/11/2017
artists,51,43,6036,9/11/2017
stream listen,11,-1,3332,9/11/2017
stream albums,31,43,289,9/11/2017
stream to,23,47,323,9/11/2017
stream songs,41,38,1356,9/11/2017
stream download,28,41,591,9/11/2017
download to,23,48,379,9/11/2017
to songs,22,42,1142,9/11/2017
favorite playlists,19,50,123,9/11/2017
or to,15,47,602,9/11/2017
listen songs,36,40,825,9/11/2017
your download,17,49,192,9/11/2017
songs your,41,47,384,9/11/2017
artists albums,25,56,311,9/11/2017
download your,21,49,187,9/11/2017
to albums,12,53,242,9/11/2017
artists download,11,63,117,9/11/2017
to your,21,38,3709,9/11/2017
favorite albums,23,85,85,9/11/2017
listen download,21,45,371,9/11/2017
songs artists,32,47,731,9/11/2017
download listen,21,46,204,9/11/2017
your,52,41,31798,9/11/2017
your songs,41,48,383,9/11/2017
songs playlists,31,38,1268,9/11/2017
to or,15,47,602,9/11/2017
albums songs,23,42,889,9/11/2017
stream playlists,21,38,898,9/11/2017
listen or,11,54,152,9/11/2017
your playlists,13,56,110,9/11/2017
download or,12,66,35,9/11/2017
to playlists,11,51,105,9/11/2017
songs or,11,72,46,9/11/2017
to listen,31,45,685,9/11/2017
albums playlists,13,44,333,9/11/2017
download,55,40,7021,9/11/2017
favorite,53,41,2997,9/11/2017
your to,15,38,3709,9/11/2017
songs albums,23,42,889,9/11/2017
or stream,11,79,534,9/11/2017
or download,11,66,35,9/11/2017
your albums,13,67,293,9/11/2017
playlists download,31,42,448,9/11/2017
songs download,44,37,1590,9/11/2017
songs to,23,42,1142,9/11/2017
download albums,32,47,1143,9/11/2017
stream or,11,76,16,9/11/2017
listen albums,23,61,143,9/11/2017
your or,13,56,608,9/11/2017
or songs,15,72,46,9/11/2017
listen playlists,17,45,302,9/11/2017
or your,13,59,427,9/11/2017
songs listen,33,40,825,9/11/2017
albums to,11,53,242,9/11/2017
playlists songs,31,38,1268,9/11/2017
download artists,23,63,117,9/11/2017
albums download,32,47,374,9/11/2017
to artists,11,59,197,9/11/2017
songs stream,22,37,1356,9/11/2017
your listen,27,45,854,9/11/2017
songs favorite,39,45,503,9/11/2017
artists favorite,11,40,2989,9/11/2017
to download,24,48,379,9/11/2017
artists songs,32,47,731,9/11/2017
listen stream,11,30,3332,9/11/2017
to stream,15,46,323,9/11/2017
your stream,15,46,624,9/11/2017
download playlists,31,42,448,9/11/2017
favorite your,11,54,470,9/11/2017
albums artists,41,56,311,9/11/2017
favorite download,17,52,66,9/11/2017
artists playlists,14,55,223,9/11/2017
download favorite,17,52,66,9/11/2017
discover music,31,48,4797,9/11/2017
discover,61,41,4822,9/11/2017
love,61,40,31832,9/11/2017
and to,21,15,19523,9/11/2017
player play,19,42,2286,9/11/2017
online,52,44,75812,9/11/2017
continuous music,22,85,41,9/11/2017
children books,46,43,25749,9/13/2017
books book,41,5,168203,9/13/2017
book,53,11,174936,9/13/2017
books,66,31,168505,9/13/2017
children,52,35,44090,9/13/2017
online books,44,36,93175,9/13/2017
book children,46,32,11491,9/13/2017
books children,46,32,11482,9/13/2017
children's,52,5,117969,9/13/2017
book books,41,5,168203,9/13/2017
books online,44,5,93166,9/13/2017
book online,44,55,167236,9/13/2017
children book,46,43,11502,9/13/2017
children's books online,39,82,104,9/13/2017
children's books,61,26,19856,9/13/2017
children's book,61,42,19887,9/13/2017
children online book,39,87,43,9/13/2017
children online books,39,87,43,9/13/2017
online children,14,59,281,9/13/2017
children children's books,11,36,10532,9/13/2017
children books children's,11,28,19880,9/13/2017
children books online,39,87,43,9/13/2017
children online,19,59,281,9/13/2017
books children's,61,26,19941,9/13/2017
children children's,23,20,36705,9/13/2017
books online children's,39,83,104,9/13/2017
books online book,11,42,1890,9/13/2017
children book online,39,87,43,9/13/2017
online children books,39,87,43,9/13/2017
online books children,39,87,43,9/13/2017
books children online,39,87,43,9/13/2017
online book children,39,87,43,9/13/2017
books online children,39,87,43,9/13/2017
online book,44,1,163905,9/13/2017
online children's,14,45,1013,9/13/2017
children's online books,39,83,109,9/13/2017
online books children's,39,83,109,9/13/2017
children's books book,28,26,19859,9/13/2017
online children's books,39,83,104,9/13/2017
book books online,11,42,1890,9/13/2017
children's book books,28,26,19859,9/13/2017
online children book,39,87,43,9/13/2017
book online books,11,42,1890,9/13/2017
children's children,23,1,125311,9/13/2017
book children's books,41,26,19859,9/13/2017
children's online book,39,83,109,9/13/2017
book children's,61,26,19859,9/13/2017
children's online,19,45,1075,9/13/2017
online children's book,39,83,104,9/13/2017
children's book online,39,83,104,9/13/2017
inspire,52,62,976,9/13/2017
audio listen,21,44,792,9/13/2017
agadoo,5,99,34,9/19/2017
candy crush,75,41,6962,9/19/2017
music,76,23,139063,9/19/2017
alpha bear,22,66,114,9/19/2017
2014 games,25,29,12482,9/19/2017
3 match games free,5,36,8356,9/19/2017
3 match game,5,33,10627,9/19/2017
animal crush,5,41,7220,9/19/2017
3 match,11,32,10983,9/19/2017
3 match games,5,68,10630,9/19/2017
bloque,5,71,1993,9/19/2017
candy crush saga,64,46,2776,9/19/2017
flower match,5,95,299,9/19/2017
hero saga,6,64,1665,9/19/2017
color changing games,5,100,26,9/19/2017
took,8,92,10893,9/19/2017
felix the cat,5,89,62,9/19/2017
game vplay,5,21,78728,9/19/2017
pet mania,5,90,2004,9/19/2017
social gaming network,5,38,5663,9/19/2017
cookies star,5,62,512,9/19/2017
match games,36,30,41108,9/19/2017
candy smash,12,89,4990,9/19/2017
candy chrush,10,39,6695,9/19/2017
gro,25,90,5488,9/19/2017
kiddy adventure,5,34,13052,9/19/2017
crush,40,42,14818,9/19/2017
sugar momma,36,100,148,9/19/2017
bejeweled 2,30,75,72,9/19/2017
match three games,27,58,10630,9/19/2017
candy crush free,31,46,5290,9/19/2017
fae,14,33,15916,9/19/2017
grow topia,23,56,2076,9/19/2017
matching games,46,41,34598,9/19/2017
free match 3 game,5,34,8357,9/19/2017
candy land board game,18,95,531,9/19/2017
line play,52,62,19443,9/19/2017
jelly blast!,29,69,2375,9/19/2017
put on blast,5,93,0,9/19/2017
blast jam,5,45,861,9/19/2017
cookie crush,38,78,7924,9/19/2017
sugar smash games free,5,88,360,9/19/2017
women connect,5,59,35,9/19/2017
match 3 blast games,5,41,2000,9/19/2017
crush on,5,50,218,9/19/2017
animals rescue,5,74,971,9/19/2017
match3 games,5,49,1943,9/19/2017
free games for android,5,83,112,9/19/2017
candy crush saga free,22,52,2142,9/19/2017
petsmart,50,46,11945,9/19/2017
fun new games,38,52,256,9/19/2017
colored gems,5,20,37976,9/19/2017
scrumptious,5,100,11,9/19/2017
pet rescue saga,50,52,18122,9/19/2017
farm heroes super saga free,7,88,162,9/19/2017
link full,5,75,640,9/19/2017
cookie smash,5,91,2185,9/19/2017
panda run,25,84,1558,9/19/2017
blast king,5,80,538,9/19/2017
candy land game,5,96,545,9/19/2017
cascade,31,65,518,9/19/2017
match 3 in a row,5,91,108,9/19/2017
jelly crush,36,45,6581,9/19/2017
king saga,8,46,10850,9/19/2017
accele brid,5,100,0,9/19/2017
c,51,41,18691,9/19/2017
free match 3,5,38,8608,9/19/2017
pop!,48,31,27480,9/19/2017
gems and jewels,20,62,357,9/19/2017
candy crusher,5,64,6922,9/19/2017
sugar baby,38,99,211,9/19/2017
jam city,35,98,832,9/19/2017
cube match game,5,75,722,9/19/2017
toy blaster,32,77,883,9/19/2017
matching animal,5,62,2686,9/19/2017
flower puzzle game,5,84,976,9/19/2017
bonbon crush,5,96,35,9/19/2017
pet rescue sage,5,67,441,9/19/2017
gem games,29,1,12102,9/19/2017
cnady,5,29,22777,9/19/2017
stone boys,5,81,252,9/19/2017
kookie,5,36,5665,9/19/2017
crush crush,18,35,14761,9/19/2017
bejeweled stars game,5,83,13,9/19/2017
match three games free,5,34,8356,9/19/2017
friv.com,27,70,546,9/19/2017
candy crush games,50,41,6865,9/19/2017
relaxing game,13,72,1711,9/19/2017
best matching,5,43,2850,9/19/2017
grow tree,5,58,6062,9/19/2017
frozen frenzy mania,25,77,4620,9/19/2017
sugar sugar,39,49,3617,9/19/2017
sag,13,30,14719,9/19/2017
farm heroes saga,51,50,14690,9/19/2017
cookie crush match 3,17,56,437,9/19/2017
new match 3,5,50,849,9/19/2017
match 3 free,10,41,8619,9/19/2017
candy mania free,18,-1,4210,9/19/2017
bubble mania,41,49,6699,9/19/2017
jeweled stars,5,99,22,9/19/2017
gemas,23,1,448,9/19/2017
bejeweled twist,5,58,49,9/19/2017
sugar babies,24,90,207,9/19/2017
free match 3 games,32,53,13260,9/19/2017
cookie,43,47,6827,9/19/2017
cookie jam blast,45,71,480,9/19/2017
magic gems,5,89,471,9/19/2017
puzzel,33,41,188368,9/19/2017
match 3 games,50,61,33691,9/19/2017
blossom,29,61,1095,9/19/2017
c.,51,36,18691,9/19/2017
games by king,21,1,757906,9/19/2017
cookie blast,22,65,1589,9/19/2017
gems game,11,37,7110,9/19/2017
soda,34,53,3012,9/19/2017
sugar candy,5,59,22663,9/19/2017
match,61,40,40432,9/19/2017
crusher game,5,72,500,9/19/2017
horse pop,5,97,1160,9/19/2017
blossom blast,39,79,487,9/19/2017
tough nut to crack,5,100,0,9/19/2017
festival of magic,5,100,0,9/19/2017
games like toy blast,17,83,902,9/19/2017
pet rescue,42,65,1692,9/19/2017
soda crush,48,51,3106,9/19/2017
cookies blast,5,44,1031,9/19/2017
game compete,5,50,651,9/19/2017
scrumptious;,5,100,11,9/19/2017
cookie jam saga,5,45,1034,9/19/2017
match 3 games for ipad,5,34,10644,9/19/2017
candy blast,27,92,3731,9/19/2017
genius games,11,44,1766,9/19/2017
sugar daddies,14,83,131,9/19/2017
far and away,5,84,6,9/19/2017
moma sculptures,5,100,3,9/19/2017
candy kingdom,5,91,4224,9/19/2017
jamming,5,94,98,9/19/2017
toy store,14,77,1458,9/19/2017
flowers,37,53,7095,9/19/2017
pet saga,32,66,12511,9/19/2017
candy treats,5,52,477,9/19/2017
king game,19,34,18298,9/19/2017
bijou,5,56,304,9/19/2017
frozen mania,20,64,4596,9/19/2017
saga,38,40,11363,9/19/2017
farm saga,28,62,10912,9/19/2017
pet gates,5,32,13764,9/19/2017
candy saga,19,46,7960,9/19/2017
kandy,29,31,104,9/19/2017
bejeweled stars,33,58,33,9/19/2017
free match three games,22,64,20144,9/19/2017
puzzle games,62,41,196479,9/19/2017
coockie,5,36,6807,9/19/2017
magic gem,5,61,392,9/19/2017
blossom blast saga,38,62,11586,9/19/2017
games match 3,5,33,10646,9/19/2017
soda pop,21,75,1676,9/19/2017
cookie match 3,5,47,860,9/19/2017
match 3 games free,5,42,8333,9/19/2017
candy mania,37,61,5754,9/19/2017
jelly saga,20,59,11761,9/19/2017
animals mating,5,68,3321,9/19/2017
free match,5,19,31176,9/19/2017
pop n games,5,62,2066,9/19/2017
collect!,30,39,4718,9/19/2017
life is sweet,5,100,4,9/19/2017
blast!,43,33,12031,9/19/2017
game for women,5,65,1461,9/19/2017
sgn,5,63,100,9/19/2017
cooky,5,38,5343,9/19/2017
match riddle,5,61,428,9/19/2017
candy blast mania,31,72,2419,9/19/2017
gens,5,37,6249,9/19/2017
sugar daddy,52,83,3671,9/19/2017
farm heroes,38,62,1270,9/19/2017
new city catechism,36,42,2811,9/19/2017
candy land game free,5,96,422,9/19/2017
jelly crush saga,25,80,2142,9/19/2017
animals matching game,5,63,2609,9/19/2017
free games match,5,39,24120,9/19/2017
pop,48,42,27474,9/19/2017
combinaciã³n,5,100,1,9/19/2017
lunar flowers,11,41,3500,9/19/2017
blast,43,44,12031,9/19/2017
fun free popular games,26,10,53270,9/19/2017
saga games,39,35,35082,9/19/2017
cookies,35,60,12098,9/19/2017
match 3 or more free games,5,90,12,9/19/2017
candycrush,37,40,6759,9/19/2017
king games,44,41,12469,9/19/2017
best genre,5,54,73,9/19/2017
from the new world,5,90,13,9/19/2017
rescue pets,17,81,1727,9/19/2017
cookie jam,56,57,1954,9/19/2017
match 3 game,20,55,10963,9/19/2017
blossom saga,5,73,524,9/19/2017
gem drop,12,74,7585,9/19/2017
soda saga,30,71,10884,9/19/2017
crush games,41,36,21441,9/19/2017
match-3 games,50,33,10646,9/19/2017
candy blast mania: christmas,5,80,1563,9/19/2017
gilded,5,78,24,9/19/2017
sugar factory,5,99,74,9/19/2017
free match 3 games,32,-1,13260,9/19/2017
puzzle,61,40,188356,9/19/2017
cookie color,5,55,2765,9/19/2017
match 3,41,40,12415,9/19/2017
blasts,5,32,12052,9/19/2017
game jam,5,44,4113,9/19/2017
snow cookie,5,90,158,9/19/2017
crown jewel,5,84,44,9/19/2017
match three,24,40,10972,9/19/2017
candy mania game,27,85,5491,9/19/2017
jigsaw puzzles for ipad,12,67,9387,9/19/2017
bejeweled stars free,5,83,11,9/19/2017
friv,38,96,546,9/19/2017
rap genius,40,42,2389,9/19/2017
cookie drop,5,46,1217,9/19/2017
match 3 free game,5,35,8357,9/19/2017
boy genius,5,85,42,9/19/2017
gem match,24,55,2841,9/19/2017
suga,8,35,14690,9/19/2017
crush game,5,27,22054,9/19/2017
match-3,41,40,10944,9/19/2017
candy crish,23,35,7005,9/19/2017
grow fruits,5,78,71,9/19/2017
sugar rush,31,92,3598,9/19/2017
farm heros,29,59,1291,9/19/2017
pele,20,98,561,9/19/2017
cookies jam,7,46,1381,9/19/2017
match feature,5,49,1437,9/19/2017
candy blaster,5,80,8242,9/19/2017
great strides,5,100,10,9/19/2017
sugar land,9,98,187,9/19/2017
farm hero saga,32,51,641,9/19/2017
necessary,5,100,37,9/19/2017
candy crush soda saga free,23,55,1007,9/19/2017
jam blast,5,63,861,9/19/2017
toy blast free,43,68,1037,9/19/2017
free  match,5,19,31176,9/19/2017
pet sage,5,59,869,9/19/2017
candy mania™ free,18,76,3176,9/19/2017
kande krash,24,36,6686,9/19/2017
bejeweled classic,43,49,72,9/19/2017
genie,40,55,1021,9/19/2017
sugar crush,42,54,4698,9/19/2017
crushing games,5,30,15803,9/19/2017
matching 3 games,14,66,10669,9/19/2017
candy crush jelly saga free,19,55,4944,9/19/2017
gummy drop free,14,52,1199,9/19/2017
theives,8,54,335,9/19/2017
five in a row,5,60,652,9/19/2017
pet rescue games,28,67,15897,9/19/2017
match cube,5,78,728,9/19/2017
candy crash,36,45,7383,9/19/2017
grow,37,60,2064,9/19/2017
sugar run,5,99,76,9/19/2017
fun game,39,38,98279,9/19/2017
scattered,5,87,18,9/19/2017
cookie party,5,60,243,9/19/2017
match 3 games free with bonuses,5,100,0,9/19/2017
candy adventure,9,78,2870,9/19/2017
genius game,6,37,23998,9/19/2017
sugar crush saga,5,96,2423,9/19/2017
crush match 3,5,41,2515,9/19/2017
match3,18,59,11580,9/19/2017
candy crush soda saga,60,76,6667,9/19/2017
jam,35,42,5558,9/19/2017
toy blast,64,68,1352,9/19/2017
farm heroes saga 2,5,98,839,9/19/2017
newgame,11,99,256,9/19/2017
cookie game,20,45,10810,9/19/2017
match 3 free games,5,37,8356,9/19/2017
bubble battle,5,78,160,9/19/2017
gem online,28,64,122,9/19/2017
sugar,36,51,3624,9/19/2017
crown jewels,5,92,42,9/19/2017
match three game,5,66,10655,9/19/2017
candy crush jelly,32,94,6678,9/19/2017
grown,5,83,2251,9/19/2017
the night the world exploded,5,91,2,9/19/2017
matching 3 game,5,33,10670,9/19/2017
candy crush soda,41,71,2186,9/19/2017
isnã£â¢ã¢â€šâ¬ã¢â€žâ¢t,5,100,0,9/19/2017
toy,38,54,10466,9/19/2017
farm house,5,41,14665,9/19/2017
pet bubble shooter,5,72,347,9/19/2017
candy soda,23,71,2111,9/19/2017
king,48,40,18337,9/19/2017
bejeweled blitz free,23,50,52,9/19/2017
grow home,12,57,2061,9/19/2017
sugar smash,36,53,3621,9/19/2017
farm heroes super saga,33,88,195,9/19/2017
panda jam,25,49,1375,9/19/2017
candy mania free,18,67,4210,9/19/2017
jelly splash,44,80,3486,9/19/2017
accursed,5,100,3,9/19/2017
free android game,5,83,112,9/19/2017
pet watching,5,46,1345,9/19/2017
connect women,5,57,35,9/19/2017
macth 3,5,32,12180,9/19/2017
blast game,5,33,11465,9/19/2017
from,15,40,23510,9/19/2017
renard,5,75,33,9/19/2017
farm hero,30,58,1818,9/19/2017
mystical world,5,100,10,9/19/2017
candy land,34,96,7172,9/19/2017
jelly,43,41,6623,9/19/2017
water splash,23,72,6418,9/19/2017
flower,42,64,7040,9/19/2017
pet rescue games,28,-1,15897,9/19/2017
collect,30,52,4720,9/19/2017
kung,11,54,17519,9/19/2017
analysis,41,42,3151,9/19/2017
and trade,11,48,1837,9/19/2017
assests,38,45,1992,9/19/2017
500,39,41,2263,9/19/2017
asset,39,73,1995,9/19/2017
asset tracking,25,76,336,9/19/2017
assets,38,72,2000,9/19/2017
algorithm,42,85,374,9/19/2017
212,38,50,87,9/19/2017
brokers dealers,23,100,46,9/19/2017
buy bitcoin,42,57,87,9/19/2017
equities and bonds,15,100,5,9/19/2017
equities research analyst,23,100,6,9/19/2017
etoro jobs,13,100,0,9/19/2017
finance opinion,11,64,2290,9/19/2017
etoro support,12,100,0,9/19/2017
forex charts,28,57,268,9/19/2017
financial independence,28,100,17,9/19/2017
bitcoin,52,63,1320,9/19/2017
investeam,11,100,6,9/19/2017
forex platforms,22,74,140,9/19/2017
investments rates,21,70,1087,9/19/2017
investing money online,21,89,12,9/19/2017
nasdaq after hours,22,100,0,9/19/2017
investors direct,12,97,5,9/19/2017
binary options beginners,14,93,8,9/19/2017
copy trading,23,96,8,9/19/2017
currencies world,32,62,233,9/19/2017
etf index,17,94,13,9/19/2017
nasdaq global select market,13,100,0,9/19/2017
nasdaq xlnx,17,100,0,9/19/2017
etoro deposit bonus,13,100,0,9/19/2017
europe,49,42,4652,9/19/2017
network features,14,76,29,9/19/2017
options trading tools,11,100,7,9/19/2017
financial markets summary,11,100,0,9/19/2017
exchange traded government bonds,11,100,0,9/19/2017
portfolio stock,21,48,485,9/19/2017
social investment group,11,100,9,9/19/2017
free top,19,26,25308,9/19/2017
social network trading stocks,11,59,34,9/19/2017
foreign exchange store,11,100,2,9/19/2017
stock price,31,54,304,9/19/2017
invest like a pro,11,100,2,9/19/2017
stocks earnings,21,90,69,9/19/2017
investment banker,41,100,7,9/19/2017
trade bitcoin with leverage,12,100,0,9/19/2017
investments companies,31,72,115,9/19/2017
trade bitcoin between exchanges,11,100,0,9/19/2017
leverage value,11,100,0,9/19/2017
trading grid,21,54,433,9/19/2017
markets forex,11,47,5349,9/19/2017
nasdaq mbly,11,100,0,9/19/2017
trading company,31,69,129,9/19/2017
binary options online course,11,100,1,9/19/2017
nasdaq trading,12,63,125,9/19/2017
online trading concepts,11,100,0,9/19/2017
options trading for dummies,21,100,0,9/19/2017
banks,43,34,12341,9/19/2017
currencies of europe,36,100,4,9/19/2017
risk management,39,85,531,9/19/2017
etoro app,17,88,7,9/19/2017
currencies backed by gold,21,100,1,9/19/2017
exchange traded closed end funds,11,100,0,9/19/2017
shares to buy today,24,95,2,9/19/2017
follow,41,46,3808,9/19/2017
social trading guru,11,68,33,9/19/2017
etf oil stocks,11,100,1,9/19/2017
invest and finance,11,59,108,9/19/2017
stocks nasdaq,22,53,206,9/19/2017
european trading market,11,99,5,9/19/2017
stock futures,23,57,235,9/19/2017
financial operations,22,100,13,9/19/2017
investment strategies stock market,11,94,14,9/19/2017
trade stocks online,39,83,33,9/19/2017
fund finance,19,67,998,9/19/2017
the financial markets,14,62,351,9/19/2017
market trading app,13,45,915,9/19/2017
trading platform app,11,60,191,9/19/2017
nasdaq qcom,25,100,0,9/19/2017
investment fund manager,21,99,76,9/19/2017
online trading uk stock market,12,100,1,9/19/2017
currencies graph,23,79,117,9/19/2017
etfs,31,89,59,9/19/2017
trades pro,21,43,6194,9/19/2017
exchange monies,46,45,1129,9/19/2017
shares investment,32,57,261,9/19/2017
market analyst,23,86,24,9/19/2017
financial wisdom,12,100,8,9/19/2017
bitcoin trade site,15,100,0,9/19/2017
nasdaq nflx,28,100,0,9/19/2017
statistics problems,15,91,8,9/19/2017
virtual money exchange,11,100,3,9/19/2017
stocks with high dividend,25,100,0,9/19/2017
in trading,12,48,1350,9/19/2017
online trading forex,31,60,90,9/19/2017
cfds,31,65,79,9/19/2017
currency market today,22,100,1,9/19/2017
share market,35,53,1542,9/19/2017
investment schemes,19,97,98,9/19/2017
social trading opinie,11,100,0,9/19/2017
etoro forex,12,100,2,9/19/2017
equities tracker,12,75,18,9/19/2017
market profile trading strategies,11,100,0,9/19/2017
stocks prices,31,50,304,9/19/2017
etoro uk review,21,100,0,9/19/2017
exchange traded portfolios,11,100,2,9/19/2017
trade volume,23,100,4,9/19/2017
financial market,33,54,351,9/19/2017
foreign funds,11,87,42,9/19/2017
trading platform list,11,100,30,9/19/2017
forex trading,42,48,975,9/19/2017
invest national,11,100,4,9/19/2017
broker app,12,47,1748,9/19/2017
investing options,24,89,61,9/19/2017
nasdaq peri,11,69,43,9/19/2017
currency trading,32,50,538,9/19/2017
investments funds,32,68,407,9/19/2017
online trading software,22,82,6,9/19/2017
etoro guru,11,100,2,9/19/2017
shares exchange,17,75,253,9/19/2017
markets stock,44,43,1777,9/19/2017
investors network,19,76,93,9/19/2017
traders nest,13,100,0,9/19/2017
startegies,42,18,54490,9/19/2017
exchanges,36,39,4935,9/19/2017
trading tools,32,80,53,9/19/2017
nasdaq historical chart,13,100,0,9/19/2017
nasdaq uvxy,11,100,0,9/19/2017
stocks vs etfs,12,100,0,9/19/2017
foreign travel,21,46,979,9/19/2017
brokers service marketing group,11,100,0,9/19/2017
nse stock manager,11,100,0,9/19/2017
equities group,15,99,46,9/19/2017
traders bank,17,84,44,9/19/2017
invest stocks,32,52,374,9/19/2017
options trading income,11,100,3,9/19/2017
etoro practice account,11,100,0,9/19/2017
profit scraper,23,100,0,9/19/2017
social,41,32,128699,9/19/2017
investments management,32,74,616,9/19/2017
trading station,31,85,13,9/19/2017
social trader,17,75,46,9/19/2017
financial conduct authority,41,100,2,9/19/2017
brokers list,21,81,43,9/19/2017
money,49,41,19652,9/19/2017
stocks for beginners,21,81,39,9/19/2017
equities department,11,100,0,9/19/2017
forex market,28,50,425,9/19/2017
trade financials,31,77,97,9/19/2017
stock investing,32,53,510,9/19/2017
nasdaq vs nyse,19,100,0,9/19/2017
top buy,21,85,89,9/19/2017
etoro old webtrader,11,100,0,9/19/2017
investing etf,23,68,58,9/19/2017
trading jobs,32,99,21,9/19/2017
investments with highest returns,28,100,0,9/19/2017
financial analyst,34,99,92,9/19/2017
nasdaq exchange,15,79,50,9/19/2017
options trading market,11,67,116,9/19/2017
trades view,42,100,7,9/19/2017
binary options sales script,11,100,0,9/19/2017
nasdaq zbra,12,69,43,9/19/2017
forex forecast,22,96,11,9/19/2017
social finance uk,21,96,3,9/19/2017
virtual money stock trading,11,100,0,9/19/2017
portfolio group,15,94,21,9/19/2017
stock market simulator,27,54,1409,9/19/2017
social investment training,11,100,1,9/19/2017
currencies rate today,32,94,21,9/19/2017
copy stock traders,13,97,2,9/19/2017
investing activities,19,100,0,9/19/2017
track finance,11,49,1466,9/19/2017
stock world,12,58,223,9/19/2017
investments to make,11,99,10,9/19/2017
equities vs shares,13,100,0,9/19/2017
etoro broker review,11,100,0,9/19/2017
eu,51,48,1978,9/19/2017
trade bitcoin futures,11,100,0,9/19/2017
nasdaq dow jones,12,67,38,9/19/2017
trading exchange,21,53,407,9/19/2017
financial markets europe,12,100,0,9/19/2017
trading account,31,69,51,9/19/2017
nasdaq year to date performance,11,100,0,9/19/2017
exchange traded equity options,11,100,0,9/19/2017
binary options market,23,78,120,9/19/2017
forex vs binary options,13,100,0,9/19/2017
world financial,23,74,77,9/19/2017
currencies in europe,36,100,6,9/19/2017
foreign exchange dealers,15,100,2,9/19/2017
platform,41,53,7629,9/19/2017
ethereum,47,55,266,9/19/2017
exchange online,31,56,116,9/19/2017
investing stocks,32,51,509,9/19/2017
financial world,19,74,77,9/19/2017
social investment package,11,100,0,9/19/2017
invest for income,31,83,33,9/19/2017
commodities currencies,19,63,117,9/19/2017
stock split,25,92,5,9/19/2017
equities trading,25,71,152,9/19/2017
etoro virtual money,11,100,0,9/19/2017
investment tools,17,96,40,9/19/2017
copyop,31,91,0,9/19/2017
invests,15,100,2,9/19/2017
etf index funds,19,100,7,9/19/2017
market trading software,13,75,15,9/19/2017
trade bitcoin for ethereum coinbase,11,94,2,9/19/2017
financial markets basics,11,100,0,9/19/2017
nasdaq index live,19,100,0,9/19/2017
forex trading platform app,11,64,138,9/19/2017
nasdaq rules,11,100,1,9/19/2017
european,49,74,2036,9/19/2017
trading direct,31,68,23,9/19/2017
options trading account,15,90,3,9/19/2017
financial markets today uk,12,100,0,9/19/2017
binary options apps,15,51,276,9/19/2017
investing platforms,27,90,8,9/19/2017
shares of stock,31,90,21,9/19/2017
brokers online,15,65,72,9/19/2017
stock broker,39,49,1608,9/19/2017
online forex trading,31,54,89,9/19/2017
currencies etf,21,86,15,9/19/2017
stokes flow,21,100,5,9/19/2017
profits,38,68,1544,9/19/2017
etf returns,12,100,1,9/19/2017
traders uk,41,62,28,9/19/2017
social trading binary options,13,90,4,9/19/2017
stocks in focus,11,97,1,9/19/2017
trading venue,17,99,2,9/19/2017
trade networks,15,59,318,9/19/2017
buy ethereum,35,62,23,9/19/2017
trading networks,15,63,686,9/19/2017
evaluation,42,83,577,9/19/2017
equities risk management,11,100,2,9/19/2017
equities finance,31,67,743,9/19/2017
bitcoin miner,42,51,1312,9/19/2017
financial statements,32,81,41,9/19/2017
etoro tips,12,99,1,9/19/2017
etoro options,11,100,1,9/19/2017
currency,44,39,4563,9/19/2017
financial institutions,31,96,85,9/19/2017
financial broker,25,79,58,9/19/2017
etoro download,11,100,0,9/19/2017
bitcoin trade volume,14,100,0,9/19/2017
exchange traded index,11,100,2,9/19/2017
currency online,31,71,195,9/19/2017
best social trading network,11,94,2,9/19/2017
etoro gold,12,100,0,9/19/2017
currencies commodities,19,63,117,9/19/2017
exchange trades,21,44,1610,9/19/2017
forex investing,24,79,96,9/19/2017
etf portfolio,19,72,47,9/19/2017
foreign trade,17,91,81,9/19/2017
european trading platforms,11,100,0,9/19/2017
investing banks,41,54,2254,9/19/2017
invest penny stocks,21,91,13,9/19/2017
funds invest,32,63,80,9/19/2017
financial planning,32,87,378,9/19/2017
funds,36,61,1616,9/19/2017
investment management strategies,11,100,5,9/19/2017
investment interest rates,21,82,33,9/19/2017
market helper,23,100,4,9/19/2017
nasdaq oil price,23,100,1,9/19/2017
online trading money,17,100,16,9/19/2017
share split,22,69,288,9/19/2017
social trading research,11,100,0,9/19/2017
stocks tech,23,59,6416,9/19/2017
trader london,25,92,13,9/19/2017
trading risk,25,82,41,9/19/2017
brokers direct,31,84,12,9/19/2017
equities basics,11,100,0,9/19/2017
etoro learning,11,51,1679,9/19/2017
finance track,27,49,1466,9/19/2017
binary options practice account,13,100,0,9/19/2017
currencies pegged to the euro,13,100,0,9/19/2017
etoro best traders,14,100,0,9/19/2017
exchange traded commodities uk,11,100,0,9/19/2017
force trading,11,45,1104,9/19/2017
invest eu,12,86,41,9/19/2017
investments with 10 return,21,100,0,9/19/2017
investments group,21,87,158,9/19/2017
investors ratios,25,98,3,9/19/2017
market exchange,22,55,400,9/19/2017
markets uk,31,63,48,9/19/2017
nasdaq entrepreneurial center,11,100,0,9/19/2017
market trading from home,11,100,0,9/19/2017
nasdaq nlx,15,100,0,9/19/2017
nasdaq qualcomm,12,100,0,9/19/2017
nasdaq ibm,13,69,44,9/19/2017
nasdaq visa,11,69,43,9/19/2017
nasdaq yhoo,22,57,75,9/19/2017
online buy,31,51,523,9/19/2017
online trading information,11,100,1,9/19/2017
online world,23,51,1507,9/19/2017
options trading log,11,94,55,9/19/2017
portfolio,42,48,1556,9/19/2017
share register,23,92,34,9/19/2017
profit spy,15,100,0,9/19/2017
shares made simple,22,90,10,9/19/2017
social commerce,22,82,272,9/19/2017
social investment programme,11,100,0,9/19/2017
social trading apps,12,50,180,9/19/2017
social trading platform forex,11,97,2,9/19/2017
statistics uk,31,90,14,9/19/2017
stock market,44,44,2760,9/19/2017
stock trading,38,47,1361,9/19/2017
stocks for the long run,21,100,0,9/19/2017
stocks recommendations,19,88,11,9/19/2017
stocks worth buying,11,100,0,9/19/2017
toro,34,86,220,9/19/2017
trade bitcoin for money,11,79,9,9/19/2017
trade manager,17,83,202,9/19/2017
tradeo,24,96,2,9/19/2017
traders only,12,100,1,9/19/2017
tradesperson,31,100,5,9/19/2017
trading enterprises,12,100,6,9/19/2017
trading losses,21,87,34,9/19/2017
trading platform reviews uk,15,100,0,9/19/2017
trading training,24,23,32550,9/19/2017
virtual money transfer,11,90,4,9/19/2017
binary options brokers list,14,100,0,9/19/2017
binary options trader,33,76,98,9/19/2017
broker markets,15,56,153,9/19/2017
brokers uk,23,83,20,9/19/2017
currencies exchange,51,45,1820,9/19/2017
copy trade platform,11,97,2,9/19/2017
currencies stock market,15,51,216,9/19/2017
data,41,36,9520,9/19/2017
equities investment banking,12,94,20,9/19/2017
etf analysis,11,86,15,9/19/2017
etf stock,22,76,119,9/19/2017
etoro copy trader,15,100,1,9/19/2017
etoro how it works,11,100,0,9/19/2017
etoro revenue,11,100,0,9/19/2017
eu free,11,44,810,9/19/2017
exchange bitcoin dollar,11,73,44,9/19/2017
exchange traded funds,31,100,6,9/19/2017
finacial,34,38,7221,9/19/2017
financial data,22,60,61,9/19/2017
financial markets forecast,11,100,4,9/19/2017
financial times uk,32,68,26,9/19/2017
foreign exchange market,28,95,69,9/19/2017
forex analysis,22,65,102,9/19/2017
fx trading,31,54,4230,9/19/2017
forex winners,22,100,0,9/19/2017
invest funds,32,72,80,9/19/2017
invest uk,35,46,1341,9/19/2017
investment opportunities,32,90,23,9/19/2017
investing uk,35,78,25,9/19/2017
investment u,11,82,75,9/19/2017
investments of the future,13,100,7,9/19/2017
market line,31,58,284,9/19/2017
leverage,41,91,55,9/19/2017
market trends,27,91,90,9/19/2017
money fund,21,54,455,9/19/2017
nasdaq online,11,59,50,9/19/2017
nasdaq listing center,11,100,1,9/19/2017
nasdaq stock list,15,91,4,9/19/2017
nasdaq wba,17,69,43,9/19/2017
online trading of commodities,15,100,0,9/19/2017
online top,22,48,1416,9/19/2017
options trading beginners,17,93,8,9/19/2017
options trading open interest,11,100,4,9/19/2017
share value,28,36,1666,9/19/2017
shares prices,44,52,185,9/19/2017
quick trading platform,11,100,0,9/19/2017
social investment,25,95,166,9/19/2017
social trading software,11,100,1,9/19/2017
stock dilution calculator,14,100,0,9/19/2017
social trading business model,11,100,0,9/19/2017
stock market trading app,19,47,616,9/19/2017
stocks to buy right now,12,100,0,9/19/2017
strategies of marketing,33,100,21,9/19/2017
track invest,21,55,41,9/19/2017
trader salary uk,21,100,0,9/19/2017
trades experience,11,100,7,9/19/2017
stocks investing,32,52,509,9/19/2017
trading and investing,21,62,65,9/19/2017
trading routes,24,100,0,9/19/2017
trade online,33,71,169,9/19/2017
uk,53,38,14364,9/19/2017
trading on forex,42,82,27,9/19/2017
world stock,22,64,99,9/19/2017
brokers comparison,22,100,2,9/19/2017
buy,51,38,6819,9/19/2017
binary social trading,11,90,5,9/19/2017
copy trader software,12,100,0,9/19/2017
equities products,17,100,3,9/19/2017
equities analyst,22,100,15,9/19/2017
currencies value,24,75,63,9/19/2017
etf funds,23,78,60,9/19/2017
etoro itunes,11,87,5,9/19/2017
etoro strategy,11,100,0,9/19/2017
etoro deposit,11,100,0,9/19/2017
forex millionaires,21,100,2,9/19/2017
eurochange,44,37,4942,9/19/2017
investing for dummies,31,98,8,9/19/2017
investools,15,49,1341,9/19/2017
financial fund,17,45,1007,9/19/2017
financial markets stocks,21,55,226,9/19/2017
exchange traded gold funds,12,100,0,9/19/2017
finance online,22,71,2269,9/19/2017
forex or stocks,15,94,9,9/19/2017
forex calculator,23,60,105,9/19/2017
free forex app,11,50,1211,9/19/2017
foreign exchange services,19,90,13,9/19/2017
investable,24,100,2260,9/19/2017
investing money in stocks,17,100,8,9/19/2017
invest investment,12,53,409,9/19/2017
investment apps,31,38,4929,9/19/2017
investments portfolio,31,50,319,9/19/2017
investors daily,21,95,10,9/19/2017
investments basics,21,100,7,9/19/2017
leverage ratio analysis,11,100,0,9/19/2017
nasdaq,41,56,404,9/19/2017
markets financial,33,49,351,9/19/2017
nasdaq gainers,12,69,44,9/19/2017
nasdaq marketsite,11,100,0,9/19/2017
nasdaq xiv,13,69,43,9/19/2017
nasdaq trader,12,89,36,9/19/2017
network analyzer,31,57,322,9/19/2017
online trading brokerage firm,11,100,0,9/19/2017
nasdaq fb,32,100,0,9/19/2017
options trading tool,11,100,7,9/19/2017
risk free,22,72,1638,9/19/2017
portfolio shares,27,52,137,9/19/2017
social network sites,32,44,2555,9/19/2017
nasdaq zinc,11,69,43,9/19/2017
portfolio maker,21,45,1487,9/19/2017
social media apps,32,13,128635,9/19/2017
social trading forum,11,75,14,9/19/2017
stocks dow jones,25,67,56,9/19/2017
stocks n stocks,11,52,1121,9/19/2017
social investment funds uk,12,100,0,9/19/2017
stock portfolio,21,49,485,9/19/2017
trade bitcoin uk,23,100,0,9/19/2017
trade bitcoin app,11,61,69,9/19/2017
options trading for beginners,17,93,8,9/19/2017
trade statistics,19,99,14,9/19/2017
trading commodities,31,58,270,9/19/2017
trading graphs,17,56,270,9/19/2017
shares to buy,42,82,26,9/19/2017
stock forecast,19,100,31,9/19/2017
trading platform,31,47,4230,9/19/2017
binary,43,71,1190,9/19/2017
binary options promotions,11,100,0,9/19/2017
the financial,15,41,7225,9/19/2017
trades n sales,11,76,43,9/19/2017
bitcoin trade website,11,100,0,9/19/2017
currencies direct,39,86,18,9/19/2017
currencies prices,22,72,204,9/19/2017
virtual money apps,11,50,125,9/19/2017
currency options,22,63,157,9/19/2017
commodity,41,62,686,9/19/2017
etf portfolio builder,13,100,0,9/19/2017
etoro graphs,11,100,2,9/19/2017
etoro binary,11,100,1,9/19/2017
exchange traded currency,11,100,0,9/19/2017
european trading scheme,12,100,0,9/19/2017
equities trading platform,13,100,1,9/19/2017
etoro welcome bonus,11,100,0,9/19/2017
stocks and shares uk,32,56,43,9/19/2017
trade bitcoin on forex,11,74,8,9/19/2017
trading for dummies,31,91,3,9/19/2017
binary options exchange,12,69,15,9/19/2017
currencies fx,31,51,315,9/19/2017
etf vs stock,12,100,0,9/19/2017
exchange market,22,55,400,9/19/2017
financial viability analysis,11,100,0,9/19/2017
in trades,11,70,160,9/19/2017
investment risk,23,94,41,9/19/2017
market profile trading,14,100,4,9/19/2017
nasdaq performance,12,100,0,9/19/2017
online trading room,11,100,0,9/19/2017
shares equity,31,69,299,9/19/2017
socialnetwork,39,41,7253,9/19/2017
stocks volume,19,97,17,9/19/2017
traders auto,36,54,102,9/19/2017
trading standards,46,100,20,9/19/2017
brokers ratings,17,100,4,9/19/2017
equities focus,11,100,5,9/19/2017
etoro paypal,11,100,0,9/19/2017
exchange trading,21,52,407,9/19/2017
foreign trade exchange,24,85,45,9/19/2017
invest portfolio,31,56,107,9/19/2017
foreign,41,42,2382,9/19/2017
invest europe,27,100,5,9/19/2017
investment terms,17,82,31,9/19/2017
investments high return,28,100,1,9/19/2017
mobile forex trading,11,48,973,9/19/2017
market trading game,11,54,120,9/19/2017
nasdaq quote,13,65,54,9/19/2017
nasdaq vrns,14,100,0,9/19/2017
options trading london,11,100,0,9/19/2017
openbook,33,69,177,9/19/2017
shares market,27,49,452,9/19/2017
stock,41,39,6425,9/19/2017
social data analytics,11,88,20,9/19/2017
stock market app,23,45,1779,9/19/2017
track,47,41,25159,9/19/2017
tradesy,31,94,4,9/19/2017
stocks you should invest in,11,100,0,9/19/2017
traders point,41,100,11,9/19/2017
trading uk,41,40,4230,9/19/2017
brokers union,11,100,0,9/19/2017
equities market,27,74,202,9/19/2017
etoro review uk,21,100,0,9/19/2017
binary options free demo account,23,100,2,9/19/2017
currencies for you,15,83,24,9/19/2017
etf tracker,14,82,14,9/19/2017
world,44,41,39921,9/19/2017
copy trade profit,11,100,1,9/19/2017
etf comparison,15,100,0,9/19/2017
eu invest,12,100,0,9/19/2017
binary options traffic,11,100,0,9/19/2017
currencies today,24,83,35,9/19/2017
etoro credits,13,100,0,9/19/2017
exchange traded funds risks,11,100,0,9/19/2017
foreign exchange options,14,100,9,9/19/2017
invest in gold,33,100,4,9/19/2017
investments accounting,28,93,36,9/19/2017
exchange foreign,42,47,587,9/19/2017
financial uk,34,51,854,9/19/2017
how to trade,31,86,31,9/19/2017
investment planner,23,99,35,9/19/2017
market making trading,12,100,0,9/19/2017
nasdaq options,13,69,65,9/19/2017
online trading option,23,88,29,9/19/2017
shares  financial,17,61,150,9/19/2017
social trading tech,11,100,0,9/19/2017
stocks today,19,90,36,9/19/2017
trader tools,15,60,713,9/19/2017
markets eu,17,50,7,9/19/2017
nasdaq time,13,55,70,9/19/2017
options trading charts,11,83,52,9/19/2017
shares registry,23,99,13,9/19/2017
stock fcx,22,100,0,9/19/2017
targeting,47,73,47,9/19/2017
trades insurance,38,85,34,9/19/2017
financial budget,22,58,246,9/19/2017
trading simulator,24,54,157,9/19/2017
brokers fee,11,44,2598,9/19/2017
equities bonds,19,89,45,9/19/2017
etoro make money,21,100,0,9/19/2017
unique selling proposition,23,100,0,9/19/2017
buy in,31,49,264,9/19/2017
equities sales,21,100,14,9/19/2017
etoro top traders,12,100,1,9/19/2017
financial intelligence unit,21,100,0,9/19/2017
forex stocks,15,48,495,9/19/2017
investing money uk,28,100,0,9/19/2017
investors europe,12,100,6,9/19/2017
nasdaq goog,33,99,70,9/19/2017
finance trading,31,45,5120,9/19/2017
forex daily,41,29,7932,9/19/2017
investec investment,15,50,2,9/19/2017
investments return,33,98,86,9/19/2017
nasdaq api,12,69,43,9/19/2017
nasdaq xoma,11,68,105,9/19/2017
options trading uk broker,21,91,0,9/19/2017
social investment market,11,100,6,9/19/2017
stock ratings,15,87,29,9/19/2017
trade bitcoin cfd,11,95,1,9/19/2017
trading decisions,11,100,4,9/19/2017
best copy trader platform,12,97,1,9/19/2017
currencies chart,27,52,284,9/19/2017
network knowledge,13,87,186,9/19/2017
portfolios,42,47,1554,9/19/2017
social networks,39,9,117189,9/19/2017
stocks eu,22,90,3,9/19/2017
trade centre,32,54,220,9/19/2017
trading guide,21,73,101,9/19/2017
binary options platforms,21,80,14,9/19/2017
currencies of world,32,100,17,9/19/2017
etoro app store,11,84,0,9/19/2017
exchange traded commodities list,11,100,0,9/19/2017
follow social,11,46,2072,9/19/2017
invest app,31,43,1343,9/19/2017
investment strategies uk,12,100,1,9/19/2017
market trading forex,11,56,268,9/19/2017
nasdaq qqq,23,100,0,9/19/2017
etf options,14,87,19,9/19/2017
european trading partners,11,100,0,9/19/2017
financial planner,32,61,504,9/19/2017
funding,36,67,331,9/19/2017
investment holding company,17,100,2,9/19/2017
market events,17,98,162,9/19/2017
nasdaq nintendo,11,85,83,9/19/2017
online trading workshop,11,100,0,9/19/2017
shares london,31,56,804,9/19/2017
statistics report,21,93,50,9/19/2017
forex investment,24,75,120,9/19/2017
options trading live,11,86,7,9/19/2017
investing basics,21,50,1809,9/19/2017
social apps,38,8,128750,9/19/2017
investments with dividends,15,100,0,9/19/2017
stock list,23,89,95,9/19/2017
nasdaq epay,14,69,43,9/19/2017
top traders,17,75,23,9/19/2017
nasdaq youtube,11,100,0,9/19/2017
tradesmart,21,100,7,9/19/2017
financial resources,23,88,92,9/19/2017
virtual money trading account,11,100,0,9/19/2017
funds exchange,22,94,105,9/19/2017
portfolio analysis,25,60,54,9/19/2017
copy trader binary options,15,100,0,9/19/2017
investment isa,43,52,494,9/19/2017
etf emerging markets,12,100,3,9/19/2017
market financial,33,49,389,9/19/2017
eu shares,11,83,5,9/19/2017
nasdaq nndm,11,100,0,9/19/2017
financial markets london,15,100,3,9/19/2017
online trading market,27,68,78,9/19/2017
free currency,11,42,2580,9/19/2017
share registry,23,92,16,9/19/2017
investment advice,31,80,59,9/19/2017
social trading platform reviews,11,100,0,9/19/2017
leverage formula,21,100,0,9/19/2017
stocks right now,12,100,0,9/19/2017
stocks with monthly dividends,15,100,0,9/19/2017
trader,36,51,1579,9/19/2017
traders online,33,83,213,9/19/2017
financial markets data,13,61,20,9/19/2017
trading trading,22,48,4232,9/19/2017
forex trading platforms,47,61,138,9/19/2017
brokers vs traders,17,98,6,9/19/2017
investing portfolio,31,52,108,9/19/2017
trading platform uk,25,100,0,9/19/2017
investors uk,35,94,10,9/19/2017
brokerage,39,88,437,9/19/2017
nasdaq index chart,24,96,4,9/19/2017
social investment return,23,100,0,9/19/2017
bitcoin stocks,22,55,69,9/19/2017
online currency trading,24,64,40,9/19/2017
currency exchange london,34,100,4,9/19/2017
profit trade room,15,100,0,9/19/2017
social trading benefits,11,100,0,9/19/2017
day trading,32,42,4231,9/19/2017
stocks forex,15,48,495,9/19/2017
etoro how to make money,21,100,0,9/19/2017
financal,34,37,7218,9/19/2017
copy trader app,17,96,3,9/19/2017
etf dividend,21,100,5,9/19/2017
eu portfolio,11,100,3,9/19/2017
financial markets list,11,100,1,9/19/2017
forex zone,11,50,0,9/19/2017
investment account,28,70,65,9/19/2017
leverage forex,23,86,8,9/19/2017
nasdaq live chart,14,81,2,9/19/2017
online trading account,25,100,9,9/19/2017
results,44,42,3821,9/19/2017
social trading company,11,90,8,9/19/2017
stocks list,23,75,396,9/19/2017
trade secret,34,93,47,9/19/2017
trading online,27,50,325,9/19/2017
bitcoin share,25,67,17,9/19/2017
currency app,22,39,4568,9/19/2017
etoro earnings,11,100,0,9/19/2017
exchange traded index funds,11,100,2,9/19/2017
foreign exchange trading,24,73,164,9/19/2017
invest model,21,52,50,9/19/2017
investments europe,27,81,12,9/19/2017
markets gold coast,11,100,13,9/19/2017
nasdaq trading hours,21,100,1,9/19/2017
options trading free,11,52,239,9/19/2017
shares today,22,82,98,9/19/2017
stock in the channel,38,100,0,9/19/2017
the foreign exchange,21,48,587,9/19/2017
trades services,22,74,209,9/19/2017
virtual money investment,11,100,1,9/19/2017
commodities,41,60,687,9/19/2017
equities trader salary,17,100,0,9/19/2017
etoro valuation,11,100,0,9/19/2017
financial markets and institutions,25,100,0,9/19/2017
forex trading for beginners,31,100,987,9/19/2017
investing platform,27,74,8,9/19/2017
investors online banking,11,100,0,9/19/2017
nasdaq history,14,100,0,9/19/2017
online trading in stock market,22,97,2,9/19/2017
share portfolio,27,56,148,9/19/2017
social trading platform,19,97,3,9/19/2017
stocks real time,17,55,187,9/19/2017
trade-ins,17,79,632,9/19/2017
trading platform practice,11,100,0,9/19/2017
brokers and dealers,12,100,1,9/19/2017
distribution,41,94,1115,9/19/2017
etoro ios app,11,100,0,9/19/2017
finance funds,17,65,960,9/19/2017
forex broker,31,50,260,9/19/2017
invest your money online,11,100,0,9/19/2017
investments options,24,80,229,9/19/2017
money tesco,41,48,868,9/19/2017
currencies and commodities,11,67,17,9/19/2017
trade market,32,49,680,9/19/2017
etf market,15,73,52,9/19/2017
trading market,32,46,917,9/19/2017
equities options,21,68,46,9/19/2017
binary options trading,33,64,129,9/19/2017
currencies to inr,22,98,12,9/19/2017
etoro europe,11,70,210,9/19/2017
etoro copy trader demo,11,100,0,9/19/2017
exchange traded market,12,100,0,9/19/2017
exchange traded funds list,13,100,1,9/19/2017
european trading center,11,100,0,9/19/2017
brokers unlimited,11,100,0,9/19/2017
financial money,22,56,732,9/19/2017
equities meaning,32,100,0,9/19/2017
etoro social trading review,11,100,0,9/19/2017
financial forecast,27,89,21,9/19/2017
etoro social trading,15,91,3,9/19/2017
forex options,19,60,156,9/19/2017
financial financial,19,40,7225,9/19/2017
investing in stocks,32,90,24,9/19/2017
investors bank app,11,89,46,9/19/2017
binary options copy trading,15,100,0,9/19/2017
currencies market live,28,87,20,9/19/2017
etoro affiliate,15,100,0,9/19/2017
forex opening hours,21,100,1,9/19/2017
exchange traded bond funds,11,100,0,9/19/2017
financials stocks,22,53,434,9/19/2017
invest,42,45,3580,9/19/2017
investment strategies program,11,100,0,9/19/2017
market trade,32,49,680,9/19/2017
nasdaq private market,14,100,0,9/19/2017
online trading tools,11,100,3,9/19/2017
shares for sale,21,87,78,9/19/2017
statistics graphs,22,81,120,9/19/2017
stocks with best dividends,28,100,0,9/19/2017
traders national bank,11,100,0,9/19/2017
trading tips,28,72,64,9/19/2017
brokers recommendations,21,88,0,9/19/2017
equities fund,27,84,152,9/19/2017
etoro platform,11,100,1,9/19/2017
financial charts,21,69,496,9/19/2017
forex leads,12,92,5,9/19/2017
investing beginners,31,87,26,9/19/2017
investments with good returns,21,100,0,9/19/2017
nasdaq etf,19,78,21,9/19/2017
nasdaq ytd,11,100,0,9/19/2017
portfolio analyst,25,91,9,9/19/2017
social investment strategy,11,100,2,9/19/2017
stock trading simulator,23,56,68,9/19/2017
trade bitcoin for ripple,11,86,4,9/19/2017
trading etfs,23,81,24,9/19/2017
binary options calculator,13,99,5,9/19/2017
foreign finance,11,47,524,9/19/2017
investing in gold,33,96,5,9/19/2017
invest money uk,28,100,4,9/19/2017
investments for sale,17,98,112,9/19/2017
investors bank,41,89,46,9/19/2017
markets markets,21,41,7396,9/19/2017
nasdaq full form,13,100,0,9/19/2017
nasdaq upcoming ipo,12,100,1,9/19/2017
nasdaq znga,22,69,43,9/19/2017
options trading in commodities,11,100,0,9/19/2017
portfolio management services,15,100,8,9/19/2017
shares update,12,80,84,9/19/2017
social network,39,33,128584,9/19/2017
stock indices,24,58,246,9/19/2017
stocks certificate,22,100,2,9/19/2017
tools,52,35,13969,9/19/2017
trade bitcoin paypal,11,100,0,9/19/2017
trades uk,41,56,94,9/19/2017
trading futures,31,54,229,9/19/2017
virtual money market,11,98,2,9/19/2017
binary options market size,11,100,0,9/19/2017
commodity market,27,59,228,9/19/2017
equities uk,23,84,9,9/19/2017
etoros,42,88,8,9/19/2017
financial markets economics,17,100,6,9/19/2017
forex uk,28,43,1867,9/19/2017
investing programs,15,100,0,9/19/2017
investors zone,15,82,46,9/19/2017
nasdaq index fund,12,100,5,9/19/2017
online finance,23,64,2328,9/19/2017
profit trading,14,74,90,9/19/2017
social trading binary,11,90,5,9/19/2017
stocks gold,31,54,282,9/19/2017
trade marketing,24,91,117,9/19/2017
trading market open,11,44,915,9/19/2017
binary options trading uk,23,89,1,9/19/2017
ftse world,17,27,22766,9/19/2017
investment function,15,100,3,9/19/2017
market access trading platform,11,100,0,9/19/2017
nasdaq nagercoil,11,100,0,9/19/2017
online trading for beginners uk,12,100,3,9/19/2017
share buy,36,45,136,9/19/2017
social trading network reviews,11,100,0,9/19/2017
stocks options,21,59,423,9/19/2017
trade uk,41,70,80,9/19/2017
trading platform free,23,56,180,9/19/2017
bitcoin trading platform,21,90,5,9/19/2017
currency tracker,24,43,2478,9/19/2017
etoro group,11,100,2,9/19/2017
exchange-traded,21,100,6,9/19/2017
foreign trade finance,11,91,51,9/19/2017
invest safe,25,100,122,9/19/2017
investments london,23,60,912,9/19/2017
mobile funds,12,32,1615,9/19/2017
nasdaq vrnt,14,100,0,9/19/2017
options trading made easy,11,100,1,9/19/2017
social entrepreneurship,31,83,71,9/19/2017
stock market apps for android,22,100,1,9/19/2017
track app,38,19,25110,9/19/2017
trading,41,45,4243,9/19/2017
world eu,11,65,39,9/19/2017
stock trading platforms,23,61,28,9/19/2017
trade bitcoin for paypal,11,100,0,9/19/2017
trading equities,25,71,152,9/19/2017
binary options brokers uk,21,91,0,9/19/2017
currencies expected to rise,11,100,0,9/19/2017
etf technology,19,79,10,9/19/2017
exchange bitcoin euro,11,67,33,9/19/2017
brokers account,25,87,19,9/19/2017
digital assets,23,80,71,9/19/2017
etoro ios,11,100,0,9/19/2017
finance fund,17,77,960,9/19/2017
forex binary,17,55,83,9/19/2017
invest your money,22,90,12,9/19/2017
investments opportunities,32,90,23,9/19/2017
money stock,19,50,669,9/19/2017
nasdaq x,11,78,32,9/19/2017
options trading programs,11,100,0,9/19/2017
social investment bonds uk,12,100,0,9/19/2017
stock market trading uk,21,91,5,9/19/2017
tracker,47,24,25802,9/19/2017
trading basics,22,100,4,9/19/2017
xtend trading platform,11,100,0,9/19/2017
copyops,31,91,0,9/19/2017
etf investment,23,70,39,9/19/2017
european brand trading,11,100,0,9/19/2017
financial markets trader,21,90,25,9/19/2017
free world,27,25,22776,9/19/2017
investment exchange,12,72,110,9/19/2017
leveraged funds,17,100,13,9/19/2017
nasdaq most active,12,100,0,9/19/2017
online trading demo account,11,100,0,9/19/2017
selling,39,44,4031,9/19/2017
social trading interactive brokers,11,97,1,9/19/2017
stocks of the day,11,100,10,9/19/2017
trade tracker pro,11,78,69,9/19/2017
trading platform download,11,100,0,9/19/2017
bitcoin trade view,21,95,0,9/19/2017
currency news trading,17,58,43,9/19/2017
etoro funding,11,100,0,9/19/2017
exchange traded stocks,11,100,1,9/19/2017
foreign monies,11,48,302,9/19/2017
invest online,27,78,35,9/19/2017
investments gold,33,69,549,9/19/2017
markets trading,32,45,915,9/19/2017
nasdaq vblt,11,100,0,9/19/2017
popular social media apps,21,97,25,9/19/2017
social investment program,11,100,0,9/19/2017
stock tracker,25,55,1156,9/19/2017
trade bitcoin for litecoin,11,93,9,9/19/2017
trading economics uk,23,100,0,9/19/2017
binary options demo account,23,100,2,9/19/2017
currencies forecast,24,100,71,9/19/2017
etf trader,23,59,112,9/19/2017
exchange fund,22,89,68,9/19/2017
financial valuation,15,88,18,9/19/2017
ig,44,46,1395,9/19/2017
investment quality trends,11,100,0,9/19/2017
market making trading strategy,11,100,0,9/19/2017
brokers house,11,84,113,9/19/2017
equities company,21,100,17,9/19/2017
etoro minimum investment,11,100,0,9/19/2017
financial advisor,42,91,307,9/19/2017
forex for beginners,28,77,33,9/19/2017
investfunds,11,39,4921,9/19/2017
investments stocks,32,48,691,9/19/2017
nasdaq data,11,91,13,9/19/2017
nasdaq yahoo,15,79,75,9/19/2017
options trading workshop,11,100,0,9/19/2017
social investment networks uk,11,100,1,9/19/2017
stock return,22,83,394,9/19/2017
trade bitcoin for ether,11,91,4,9/19/2017
trading depot,32,99,36,9/19/2017
binary options affiliate,17,100,0,9/19/2017
currencies in the eu,21,100,5,9/19/2017
currencies direct app,12,86,13,9/19/2017
etf pound sterling,11,85,4,9/19/2017
etherium,47,52,288,9/19/2017
european trading zone,11,100,0,9/19/2017
exchange trade,21,44,275,9/19/2017
financial services,34,81,1567,9/19/2017
financials,34,58,7342,9/19/2017
funds finance,19,65,960,9/19/2017
indices commodities,22,61,100,9/19/2017
investment kit,11,82,143,9/19/2017
investment solutions,22,98,142,9/19/2017
market financials,33,55,357,9/19/2017
market share,35,56,452,9/19/2017
nasdaq nordic,21,99,66,9/19/2017
nasdaq premarket quotes,11,100,0,9/19/2017
online trading market watch,11,80,6,9/19/2017
online trading tips,14,100,15,9/19/2017
share route,11,68,135,9/19/2017
shares financial,17,62,150,9/19/2017
social trading platform uk,11,100,0,9/19/2017
statistics expected value,15,100,0,9/19/2017
stocks rising,21,44,1297,9/19/2017
stocks vs options,12,100,0,9/19/2017
trader app,14,44,1578,9/19/2017
traders exchange,21,67,138,9/19/2017
trading point,41,85,26,9/19/2017
trading strategies,31,74,281,9/19/2017
brokers,39,46,1746,9/19/2017
brokers national,11,100,14,9/19/2017
equities etf,13,85,70,9/19/2017
etoro online trading,11,100,1,9/19/2017
financial assets,33,96,117,9/19/2017
forex help trading,21,99,2,9/19/2017
investing apps,31,42,2254,9/19/2017
investments uk,35,65,39,9/19/2017
nasdaq ebay,22,69,43,9/19/2017
nasdaq yesterday,11,100,0,9/19/2017
profit sharing plan,14,100,3,9/19/2017
social trading account,11,100,0,9/19/2017
stocks for sale,25,90,147,9/19/2017
trade forex,42,51,7492,9/19/2017
trading license,27,100,0,9/19/2017
binary options uk,24,54,246,9/19/2017
currencies trading,32,48,541,9/19/2017
etoro credits policy,11,100,0,9/19/2017
exchange traded funds uk,15,100,0,9/19/2017
foreign exchange products,11,100,0,9/19/2017
invest in stock market,31,68,20,9/19/2017
investments analysis and management,13,100,1,9/19/2017
markets europe,28,92,42,9/19/2017
buy top,21,74,130,9/19/2017
equities stock market,11,70,126,9/19/2017
etoro trading platform,11,100,1,9/19/2017
financial investment,23,60,653,9/19/2017
forex trad,31,48,382,9/19/2017
investing online,27,78,60,9/19/2017
investors group,21,98,93,9/19/2017
nasdaq graph,15,100,0,9/19/2017
networls,44,2,139491,9/19/2017
profit platform,11,89,3,9/19/2017
social share,22,41,6808,9/19/2017
stocks financial,22,48,424,9/19/2017
trade finance,31,52,1491,9/19/2017
trading indicators,21,75,65,9/19/2017
binary options risk,13,100,3,9/19/2017
currencies rand,27,100,1319,9/19/2017
etoro binary options,12,100,1,9/19/2017
exchange traded currency derivative,11,100,0,9/19/2017
foreign exchange,42,61,588,9/19/2017
invest finance,23,54,821,9/19/2017
investment tips,23,85,64,9/19/2017
market trading institute,23,100,4,9/19/2017
nasdaq real time,14,68,25,9/19/2017
options,41,67,1247,9/19/2017
shares markets,27,48,452,9/19/2017
stock analysis,23,53,285,9/19/2017
stocksy,32,38,6415,9/19/2017
traders software,25,63,49,9/19/2017
trading up,23,52,183,9/19/2017
copy trade profit software,11,100,0,9/19/2017
currencies to invest in,22,100,0,9/19/2017
currencies for dummies,11,98,1,9/19/2017
deck trading,11,98,1705,9/19/2017
etoro copy trader tips,11,100,0,9/19/2017
etf to buy,12,100,0,9/19/2017
etf currency,21,86,15,9/19/2017
exchange traded funds list uk,11,100,0,9/19/2017
etoro investment,12,99,1,9/19/2017
exchange force,11,40,3115,9/19/2017
finance eu,17,44,2008,9/19/2017
equities market structure,11,100,0,9/19/2017
foreign exchange operations,11,100,0,9/19/2017
etoro risk score,11,100,0,9/19/2017
forex app,21,41,2882,9/19/2017
financial finance,19,44,5485,9/19/2017
invest group,11,93,25,9/19/2017
invest with little money,14,100,0,9/19/2017
forex online trading,31,60,90,9/19/2017
investments,42,40,4921,9/19/2017
investments online,27,69,105,9/19/2017
investing gold,33,72,86,9/19/2017
markets,38,36,7396,9/19/2017
money invest,35,53,231,9/19/2017
nasdaq ticker,14,83,30,9/19/2017
nasdaq wti,11,100,8,9/19/2017
investors,42,58,1341,9/19/2017
options trading brokers uk,21,91,0,9/19/2017
options trading prices,11,87,15,9/19/2017
nasdaq finance,11,63,330,9/19/2017
shares register,23,92,6,9/19/2017
social investment analyst,11,100,0,9/19/2017
nasdaq zn,11,69,43,9/19/2017
stock exchange,38,58,1826,9/19/2017
stock market trading mechanism,11,100,0,9/19/2017
portfolio management process,15,100,1,9/19/2017
target audience,32,100,1,9/19/2017
track online,31,74,295,9/19/2017
social media trading,11,100,4,9/19/2017
trades in demand,12,100,1,9/19/2017
trading apps,31,57,4238,9/19/2017
financial trading,31,69,207,9/19/2017
stocks by price,11,54,309,9/19/2017
eu markets,28,90,7,9/19/2017
trade bitcoin options,13,74,8,9/19/2017
how to buy shares,33,65,36,9/19/2017
trading forex,42,49,973,9/19/2017
financial markets futures,11,90,15,9/19/2017
binary options news trading,12,93,7,9/19/2017
forex xtrade,11,89,5,9/19/2017
currencies market news,22,63,39,9/19/2017
investment,42,62,4932,9/19/2017
investment plan,23,91,39,9/19/2017
worlds financial,23,74,77,9/19/2017
etoro apk,11,100,0,9/19/2017
market maker trading strategies,11,100,0,9/19/2017
leverage financial,31,100,5,9/19/2017
exchange traded bonds,12,100,0,9/19/2017
nasdaq opening time,24,100,0,9/19/2017
nasdaq listing rules,12,100,1,9/19/2017
online trading opportunities,11,100,0,9/19/2017
online trading,33,55,323,9/19/2017
shares,41,40,16336,9/19/2017
first time,35,59,312,9/19/2017
real time stock quotes,15,53,83,9/19/2017
social trading commodities,11,79,7,9/19/2017
invest and earn,11,100,4,9/19/2017
stocks lane,21,68,415,9/19/2017
trade risk calculator,11,88,7,9/19/2017
trading on the stock market,32,90,9,9/19/2017
investment strategies short term,13,100,0,9/19/2017
bitcoin trade rate,11,100,6,9/19/2017
currency market,32,65,384,9/19/2017
etoro europe limited,13,100,0,9/19/2017
market trading,32,48,917,9/19/2017
exchange traded options,15,100,0,9/19/2017
foreign fund,11,100,9,9/19/2017
nasdaq ptc,17,100,0,9/19/2017
invest my money,21,93,23,9/19/2017
currencies and exchange rates,12,69,131,9/19/2017
unique selling,12,87,5,9/19/2017
social trading system,11,100,0,9/19/2017
etf market making,14,100,0,9/19/2017
cfd,36,51,377,9/19/2017
stocks to trade,27,83,18,9/19/2017
equities stocks,17,47,272,9/19/2017
european trading group,22,100,0,9/19/2017
trader tool,11,61,311,9/19/2017
etoro uk,22,100,196,9/19/2017
financial network,21,98,164,9/19/2017
trading screen,25,59,300,9/19/2017
financial management,35,74,933,9/19/2017
fund exchange,22,100,105,9/19/2017
forex trader,42,56,1863,9/19/2017
brokers international,11,90,20,9/19/2017
investment fund,27,73,407,9/19/2017
investing online for dummies,15,100,0,9/19/2017
equities dealer,13,100,2,9/19/2017
market analysis,31,59,226,9/19/2017
investors intelligence,21,100,9,9/19/2017
etoro offers,11,100,0,9/19/2017
nasdaq news,21,57,76,9/19/2017
nasdaq halts,12,100,0,9/19/2017
online trading uk,27,100,5,9/19/2017
financial analysis,34,63,98,9/19/2017
online trading for free,23,49,259,9/19/2017
forex for dummies,22,98,2,9/19/2017
investments for students,15,100,8,9/19/2017
investing,41,45,2253,9/19/2017
new social apps,13,41,2658,9/19/2017
markets shares,27,48,444,9/19/2017
share follow,11,61,154,9/19/2017
investments that pay,11,100,0,9/19/2017
nasdaq dividends,12,98,5,9/19/2017
nasdaq year chart,11,100,0,9/19/2017
profit ratio,31,94,15,9/19/2017
nasdaq us dividend achievers select,11,100,0,9/19/2017
past performance,14,100,2,9/19/2017
social trade,32,52,475,9/19/2017
social investment organization,11,100,0,9/19/2017
options trading in your spare time,11,100,0,9/19/2017
stock rotation,25,100,3,9/19/2017
stocks financials,22,53,434,9/19/2017
social trading online,11,83,5,9/19/2017
shares vs stocks,22,100,0,9/19/2017
trade bitcoin for ethereum,11,67,20,9/19/2017
stocks portfolio,21,52,485,9/19/2017
trading derivatives,23,86,146,9/19/2017
stock invest,32,53,375,9/19/2017
trade finance risk assessment,11,100,0,9/19/2017
trade value,31,94,72,9/19/2017
binary options affiliate marketing,11,100,0,9/19/2017
trading information,13,97,16,9/19/2017
shares gold,24,63,48,9/19/2017
trading platform free bonus,12,100,0,9/19/2017
binary options sales pitch,11,100,0,9/19/2017
top,47,39,35231,9/19/2017
currencies direct rates,21,92,5,9/19/2017
statistics in business,24,100,0,9/19/2017
bitcoing trading,32,57,75,9/19/2017
etf rankings,11,100,0,9/19/2017
trades unlimited,11,92,16,9/19/2017
currency trader,32,56,235,9/19/2017
currencies ranking,14,100,2,9/19/2017
stocks with dividends,27,100,1,9/19/2017
etoro group ltd,11,100,1,9/19/2017
etoro broker,11,100,1,9/19/2017
european union trading partners,11,100,0,9/19/2017
virtual money software,11,93,4,9/19/2017
traders near me,11,100,0,9/19/2017
financial shares,17,54,274,9/19/2017
copy,39,57,1946,9/19/2017
funds funds,28,81,1615,9/19/2017
exchange traded currency options,11,100,0,9/19/2017
trading tool,32,86,53,9/19/2017
exchange-traded fund,22,100,6,9/19/2017
foreign exchange currency,34,49,450,9/19/2017
brokers risk,11,99,35,9/19/2017
equities vs options,11,100,0,9/19/2017
investment management,32,85,618,9/19/2017
equities futures,19,88,38,9/19/2017
invest financial,23,66,148,9/19/2017
etrade bitcoin,11,100,5,9/19/2017
market growth,25,100,39,9/19/2017
investment tool,17,99,40,9/19/2017
financial markets efficiency,13,100,0,9/19/2017
etoro popular investor,14,100,0,9/19/2017
nasdaq nvda,32,100,0,9/19/2017
foreign trade market,11,100,15,9/19/2017
market trading online,27,68,78,9/19/2017
invest stock,32,52,375,9/19/2017
financial conduct,19,67,436,9/19/2017
nasdaq requirements,11,100,0,9/19/2017
forex united,11,100,4,9/19/2017
forex live,34,66,78,9/19/2017
online trading mobile app,11,51,324,9/19/2017
investments made easy,14,100,6,9/19/2017
options trading,32,62,366,9/19/2017
investing software,21,57,37,9/19/2017
investing careers,22,100,19,9/19/2017
copy successful forex traders,11,100,0,9/19/2017
investpro,12,49,1344,9/19/2017
brokers stock market,15,54,92,9/19/2017
mobile trading,31,46,4232,9/19/2017
investments with high returns,28,100,1,9/19/2017
equities vs stocks,14,100,1,9/19/2017
nasdaq index google finance,11,100,0,9/19/2017
nasdaq etf list,11,100,1,9/19/2017
nasdaq vs dow,11,100,0,9/19/2017
nasdaq z,11,100,3,9/19/2017
eu finance,17,73,65,9/19/2017
online forex,19,54,118,9/19/2017
equities index,21,87,47,9/19/2017
binary options stocks,15,64,133,9/19/2017
broker exchange,11,60,149,9/19/2017
financial markets for beginners,11,100,0,9/19/2017
etoro premium,11,75,0,9/19/2017
currencies rates,41,48,1317,9/19/2017
currency trends,21,79,39,9/19/2017
binary options news,15,93,9,9/19/2017
forex vs stocks,19,100,0,9/19/2017
financial controller,32,100,3,9/19/2017
etoro business model,11,100,0,9/19/2017
etoro guru program,11,100,0,9/19/2017
currencies euro,36,62,553,9/19/2017
investing tool,17,100,32,9/19/2017
execute,41,94,46,9/19/2017
exchange traded etfs,11,100,2,9/19/2017
forex market app,11,48,424,9/19/2017
ladbrokes exchanges,34,93,1,9/19/2017
foreign exchange forex,21,73,264,9/19/2017
forex,42,44,1876,9/19/2017
investing financial,23,55,201,9/19/2017
nasdaq linkedin,11,83,30,9/19/2017
etf reviews,11,100,1,9/19/2017
invest forex,24,71,113,9/19/2017
invest today,14,94,5,9/19/2017
investments with quick return,19,100,0,9/19/2017
investments money,35,47,1265,9/19/2017
nasdaq extended hours,11,100,0,9/19/2017
investment trends,23,54,724,9/19/2017
online social,13,53,2229,9/19/2017
evaluation algorithm,11,100,2,9/19/2017
market trading terms,11,93,5,9/19/2017
proftit,38,53,1543,9/19/2017
money financial,22,56,732,9/19/2017
nasdaq zfgn,11,100,0,9/19/2017
financial stock,22,52,424,9/19/2017
nasdaq short etf,12,100,0,9/19/2017
social trading brokers,11,82,9,9/19/2017
nasdaq walmart,11,100,0,9/19/2017
portfolio investment meaning,11,100,0,9/19/2017
funds money,21,65,572,9/19/2017
options trading millionaire,11,100,1,9/19/2017
social investment uk,14,97,41,9/19/2017
options trading app,11,50,367,9/19/2017
investment network,19,82,191,9/19/2017
stocks in the dow,22,100,3,9/19/2017
stocks,41,41,6422,9/19/2017
social follow,11,48,909,9/19/2017
trade off risk and return,11,100,0,9/19/2017
market invest,11,53,253,9/19/2017
stock market trading,32,48,617,9/19/2017
trade bitcoin interactive brokers,11,100,0,9/19/2017
shares online,22,49,647,9/19/2017
track finances,27,47,1466,9/19/2017
nasdaq omx,25,100,10,9/19/2017
trading on equity,15,100,1,9/19/2017
trading for a living,23,93,4,9/19/2017
stock data,21,66,92,9/19/2017
trading algorithms,31,100,9,9/19/2017
online trading no commission,11,100,0,9/19/2017
strategies management,33,47,1086,9/19/2017
binary options demo account uk,17,100,0,9/19/2017
binary options vs options,11,100,0,9/19/2017
world free,21,26,22773,9/19/2017
share trading,31,50,269,9/19/2017
traders world,13,67,224,9/19/2017
copy trader etoro,15,100,1,9/19/2017
currencies uk,32,57,41,9/19/2017
trading volume,23,100,26,9/19/2017
etf europe,21,100,2,9/19/2017
currencies forex,22,51,764,9/19/2017
social trading review,17,100,0,9/19/2017
etoro crunchbase,11,100,0,9/19/2017
brokers web,11,100,5,9/19/2017
eu stocks,21,64,88,9/19/2017
etf trading,23,84,62,9/19/2017
stocks to buy,31,93,23,9/19/2017
exchange traded futures,14,100,0,9/19/2017
equities or bonds,12,100,1,9/19/2017
financial markets news uk,14,100,0,9/19/2017
exchange funds,22,84,68,9/19/2017
etoro software,11,100,4,9/19/2017
foreign exchange programs,14,100,0,9/19/2017
financial valuation methods,11,100,0,9/19/2017
trader point,12,100,11,9/19/2017
free foreign,11,42,1142,9/19/2017
financial forex,11,54,195,9/19/2017
trading risk management,21,86,12,9/19/2017
in exchange,17,67,536,9/19/2017
invest in stocks,32,73,26,9/19/2017
brokers broker,11,55,1745,9/19/2017
forex options brokers,12,75,36,9/19/2017
investments and savings,24,63,30,9/19/2017
investment rates,21,72,589,9/19/2017
investing markets,11,51,350,9/19/2017
markets field,17,92,10,9/19/2017
investment analysis,22,75,106,9/19/2017
earn,36,55,1931,9/19/2017
market open trading strategies,11,80,63,9/19/2017
investors bank online,11,100,0,9/19/2017
etoro iphone,11,23,40240,9/19/2017
nasdaq otc,13,85,80,9/19/2017
nasdaq top gainers,12,100,1,9/19/2017
finance invest,11,54,821,9/19/2017
nasdaq futures,23,100,8,9/19/2017
leverage group,11,100,0,9/19/2017
online trading platform uk,23,100,0,9/19/2017
options trading demo account,12,100,0,9/19/2017
forex brokers,31,53,260,9/19/2017
shares app,31,25,20501,9/19/2017
nasdaq market cap,14,100,0,9/19/2017
network,44,43,139448,9/19/2017
online trading basics,11,100,3,9/19/2017
invest your money uk,15,100,0,9/19/2017
social trading uk,14,100,0,9/19/2017
risk analysis,32,99,57,9/19/2017
shares stock market,27,61,358,9/19/2017
portfolio return,17,100,10,9/19/2017
investments other than stocks,11,100,0,9/19/2017
stocks up today,11,90,0,9/19/2017
social network apps,27,1,117192,9/19/2017
stock financials,22,58,434,9/19/2017
social trading equities,11,100,7,9/19/2017
money track,28,47,866,9/19/2017
trader zone,11,100,3,9/19/2017
stocks digital,12,72,47,9/19/2017
nasdaq xcom,11,100,0,9/19/2017
trading social option binaire,11,90,4,9/19/2017
trade bitcoin stock,11,61,17,9/19/2017
options trading techniques,11,100,0,9/19/2017
brokers gold coast,11,100,2,9/19/2017
trading game,31,62,4232,9/19/2017
social investment companies,11,100,5,9/19/2017
equities commodities,11,85,77,9/19/2017
binary options mobile trading,11,58,130,9/19/2017
stock news,31,47,740,9/19/2017
tech market,15,53,1800,9/19/2017
trade,39,41,6199,9/19/2017
etoro minimum deposit,17,100,0,9/19/2017
currencies market,32,59,383,9/19/2017
stocks market,44,46,1778,9/19/2017
trades list,22,73,42,9/19/2017
trading business,22,45,1672,9/19/2017
financial,49,58,9513,9/19/2017
etoro account,11,100,0,9/19/2017
young investors organization,11,100,0,9/19/2017
forex exchange,31,48,525,9/19/2017
exchange traded binary options,11,100,0,9/19/2017
currencies,39,41,4555,9/19/2017
trade smart,21,95,61,9/19/2017
virtual money,21,51,125,9/19/2017
invested,42,100,4,9/19/2017
financials stock,22,56,434,9/19/2017
etf management fees,11,86,7,9/19/2017
trading options for dummies,21,100,0,9/19/2017
buy shares,36,52,697,9/19/2017
investments slacks,11,100,0,9/19/2017
inventory and stock control,19,100,10,9/19/2017
european stock trading online,11,100,0,9/19/2017
nasdaq closing time,15,100,0,9/19/2017
equities shares,31,65,116,9/19/2017
bitcoin stock,31,53,69,9/19/2017
investment strategies,27,98,102,9/19/2017
financial markets uk,21,81,2,9/19/2017
nasdaq xxia,11,100,0,9/19/2017
etoro trading,22,91,4,9/19/2017
currency exchange,51,44,2441,9/19/2017
market tech stock,11,72,19,9/19/2017
ftse stock,22,36,4014,9/19/2017
options trading vs stocks,11,100,0,9/19/2017
financial investing,23,55,781,9/19/2017
etoro eur usd,11,100,0,9/19/2017
nasdaq prices live,13,73,10,9/19/2017
investment formula,15,96,11,9/19/2017
exchange traded managed funds,11,100,0,9/19/2017
forex technical analysis,22,78,53,9/19/2017
social investment networks,13,95,135,9/19/2017
foreign exchange xe,21,56,58,9/19/2017
market,42,43,7399,9/19/2017
online trading tool,11,100,3,9/19/2017
investing on stocks,32,90,32,9/19/2017
stock report,19,94,125,9/19/2017
shares for dummies,21,92,5,9/19/2017
investors financial,11,76,123,9/19/2017
invest money online,21,100,12,9/19/2017
nasdaq mtsl,11,100,0,9/19/2017
nasdaq google finance,15,100,1,9/19/2017
statistics formulas,22,85,22,9/19/2017
trade bitcoin for cash,12,100,2,9/19/2017
investments for income,31,91,130,9/19/2017
online trading for beginners,22,97,12,9/19/2017
trading demo account,23,100,0,9/19/2017
stocks website,21,99,7,9/19/2017
share,41,39,20582,9/19/2017
markets investing,21,51,350,9/19/2017
networks,44,24,139438,9/19/2017
binary options brokers,27,79,41,9/19/2017
social trading market size,11,100,0,9/19/2017
nasdaq ua,11,69,43,9/19/2017
currencies europe,36,74,47,9/19/2017
profit marketing,11,97,42,9/19/2017
traders market,32,72,344,9/19/2017
stocks online,23,69,258,9/19/2017
options trading gold,11,85,13,9/19/2017
trading technologies,25,89,96,9/19/2017
trade trading,22,49,1094,9/19/2017
etf silver,13,81,17,9/19/2017
social online,13,53,2229,9/19/2017
shares uk,31,56,68,9/19/2017
brokers trust,11,100,5,9/19/2017
trading platform forex,47,61,138,9/19/2017
stock index,24,61,246,9/19/2017
equities investment,28,69,284,9/19/2017
exchange,56,39,4942,9/19/2017
stocks explained,17,100,0,9/19/2017
broker market,15,52,153,9/19/2017
tool,42,39,13599,9/19/2017
etoro promotions,12,100,0,9/19/2017
financial stocks,22,46,1955,9/19/2017
trade exchange,21,66,275,9/19/2017
currency uk,25,63,41,9/19/2017
trades today,21,100,15,9/19/2017
financial currencies,13,65,146,9/19/2017
fx,41,40,6544,9/19/2017
trading in the zone,31,100,0,9/19/2017
forex markets,28,48,420,9/19/2017
virtual money making,11,100,3,9/19/2017
etoro how does it work,11,100,0,9/19/2017
investment online,27,71,105,9/19/2017
binary options strategy,28,79,15,9/19/2017
features,41,50,774,9/19/2017
market iq,34,96,17,9/19/2017
investing for beginners,31,87,26,9/19/2017
forex affiliate,19,100,0,9/19/2017
currencies real time quotes,11,72,15,9/19/2017
copy successful traders,11,100,0,9/19/2017
nasdaq omx group,12,100,0,9/19/2017
invest track,21,61,110,9/19/2017
investool,15,42,2596,9/19/2017
etoro canada,11,100,0,9/19/2017
etf,38,79,272,9/19/2017
online trading no fees,11,100,0,9/19/2017
investments near me,11,100,16,9/19/2017
nasdaq facebook,21,100,0,9/19/2017
exchange traded fund,22,100,6,9/19/2017
eu financial,17,90,6,9/19/2017
nasdaq zg,11,100,0,9/19/2017
money foreign,23,50,285,9/19/2017
financial markets for dummies,15,100,1,9/19/2017
foreign exchange investment,12,100,20,9/19/2017
share valuation,23,54,618,9/19/2017
portfolio investment scheme,11,97,91,9/19/2017
nasdaq watt,17,100,0,9/19/2017
social trading site,11,100,0,9/19/2017
invest forward,11,100,0,9/19/2017
options trading online brokers,11,98,9,9/19/2017
social marketing,31,69,1154,9/19/2017
forex website,17,45,0,9/19/2017
stocks to buy now,24,100,2,9/19/2017
stocks and shares,39,54,207,9/19/2017
investment trusts,33,88,190,9/19/2017
social forex trading,14,60,29,9/19/2017
investing tools,17,68,60,9/19/2017
trader pro,21,44,1579,9/19/2017
trade bitcoin leverage,12,91,1,9/19/2017
market trading uk,15,78,9,9/19/2017
stock market trading account,11,76,11,9/19/2017
leading,42,60,403,9/19/2017
trading room,22,90,9,9/19/2017
trading for beginners,25,71,46,9/19/2017
nasdaq list of companies,21,100,0,9/19/2017
brokers commision,17,100,0,9/19/2017
nasdaq stock,22,50,311,9/19/2017
energy trade risk management,11,100,0,9/19/2017
binary options edge,23,100,0,9/19/2017
online special,14,51,2354,9/19/2017
track financial,11,86,83,9/19/2017
options trading basics,12,100,2,9/19/2017
etoro iphone app,11,1,144059,9/19/2017
trading analysis,22,70,177,9/19/2017
proprietary,41,91,17,9/19/2017
currencies futures,22,59,69,9/19/2017
shares portfolio,27,58,137,9/19/2017
social trading business,12,76,29,9/19/2017
world online,27,65,971,9/19/2017
finance markets,33,48,2599,9/19/2017
etf trends,15,92,44,9/19/2017
stock development,11,92,71,9/19/2017
stocks in value,11,100,3,9/19/2017
exchange in,11,65,98,9/19/2017
forex brokers list,15,100,0,9/19/2017
copy trader forex,21,96,3,9/19/2017
strategies marketing,15,88,317,9/19/2017
trade offer,21,74,408,9/19/2017
financial value,13,95,42,9/19/2017
investability,24,100,0,9/19/2017
etf for gold,28,74,20,9/19/2017
trades,41,42,9683,9/19/2017
investments plans,23,91,440,9/19/2017
eu world,11,65,43,9/19/2017
trading on equity meaning,11,100,0,9/19/2017
in trade,12,85,159,9/19/2017
trading window,17,100,0,9/19/2017
binary options vs stock options,11,100,0,9/19/2017
investment return,33,91,86,9/19/2017
monies exchange,11,45,1112,9/19/2017
currencies used in europe,12,100,0,9/19/2017
market profile,22,63,133,9/19/2017
financial markets operations,11,100,0,9/19/2017
brokers worldwide,12,100,3,9/19/2017
nasdaq xgti,17,100,0,9/19/2017
free forex,14,44,1208,9/19/2017
nasdaq penny stocks,15,100,10,9/19/2017
etoro demo,15,100,0,9/19/2017
equities portfolio,14,66,166,9/19/2017
online trading platforms,27,86,18,9/19/2017
exchange traded gold,12,100,0,9/19/2017
investment analyst,28,78,125,9/19/2017
etoro stocks,12,91,3,9/19/2017
leverage ratio,32,100,0,9/19/2017
shares brokers,23,57,58,9/19/2017
foreign exchange rates,56,57,357,9/19/2017
financial freedom,28,91,45,9/19/2017
options trading terms,11,100,0,9/19/2017
nasdaq market hours,12,100,3,9/19/2017
social trading websites,11,100,0,9/19/2017
invest invest,12,57,3422,9/19/2017
forex or binary options,12,100,2,9/19/2017
social investment fund uk,12,100,0,9/19/2017
online trading beginners,22,97,12,9/19/2017
stocks value,24,99,92,9/19/2017
investments banks,41,64,258,9/19/2017
investing money,35,55,333,9/19/2017
stock options,28,66,424,9/19/2017
risk analyst,32,100,0,9/19/2017
investors bank stock,11,93,6,9/19/2017
markets finance,33,48,2599,9/19/2017
traders,32,68,1579,9/19/2017
trade bitcoin,32,56,69,9/19/2017
nasdaq trade,12,73,46,9/19/2017
nasdaq futures exchange,11,100,0,9/19/2017
social trading etoro,11,91,3,9/19/2017
trading software,25,64,967,9/19/2017
trading charts,23,51,347,9/19/2017
options trading demo account uk,11,100,0,9/19/2017
network analysis,31,67,206,9/19/2017
stocks markets,44,43,1778,9/19/2017
shares stocks,31,48,622,9/19/2017
portfolio risk management,17,100,13,9/19/2017
trade smarter,21,100,3,9/19/2017
stock footage free,32,100,5,9/19/2017
social network features,17,75,27,9/19/2017
trading places watch online,23,100,0,9/19/2017
technology,46,26,81407,9/19/2017
stocks dividends,27,89,83,9/19/2017
trades masters,21,87,18,9/19/2017
trade bitcoin to ethereum,11,94,1,9/19/2017
virtual money account,11,93,3,9/19/2017
trading gold,31,48,554,9/19/2017
foreign exchange trader,24,80,66,9/19/2017
forex crunch,22,100,0,9/19/2017
indices,41,51,2586,9/19/2017
forex rates,35,56,384,9/19/2017
investing money tips,13,86,15,9/19/2017
free trading,28,52,2898,9/19/2017
investment banking,41,73,179,9/19/2017
invest market,11,49,254,9/19/2017
investors dividend fund,11,100,0,9/19/2017
investments ratios,25,100,6,9/19/2017
investec,41,93,6,9/19/2017
nasdaq after hours trading,13,100,0,9/19/2017
markets futures,27,75,151,9/19/2017
investment services,23,98,132,9/19/2017
nasdaq pre market,21,100,0,9/19/2017
nasdaq trading days,11,92,7,9/19/2017
investments economics,11,81,97,9/19/2017
online trading demo,12,75,5,9/19/2017
leverage your money,11,100,0,9/19/2017
online trading stocks,39,56,126,9/19/2017
market review,21,71,186,9/19/2017
portfolio tracker,22,66,113,9/19/2017
nasdaq gold,21,91,15,9/19/2017
risks,44,76,2761,9/19/2017
social investment manager,11,97,24,9/19/2017
nasdaq mlnx,11,100,0,9/19/2017
nasdaq xom,11,68,105,9/19/2017
stock holding,34,85,65,9/19/2017
network intelligence,19,78,111,9/19/2017
options trading for income,11,100,3,9/19/2017
stocks vs forex,19,100,0,9/19/2017
options trading uk,24,89,2,9/19/2017
shares finance,17,46,1078,9/19/2017
shares to invest,13,87,14,9/19/2017
social networking apps,27,13,117182,9/19/2017
social trading in forex,14,100,0,9/19/2017
statistics,41,63,2928,9/19/2017
stocks earnings reports,11,97,7,9/19/2017
stock quotes,23,52,445,9/19/2017
stocks now,21,73,29,9/19/2017
trade bitcoin binary options,12,82,4,9/19/2017
the foreign,12,41,2382,9/19/2017
trade center,32,51,221,9/19/2017
trade tracker,22,78,301,9/19/2017
trades programs,21,100,0,9/19/2017
traders elite,27,95,8,9/19/2017
trading currency,32,49,541,9/19/2017
trading group,15,53,133,9/19/2017
trading platform comparison,17,100,2,9/19/2017
trading stocks,38,45,1292,9/19/2017
virtual money for stock market,11,98,2,9/19/2017
binary options,41,67,276,9/19/2017
binary options platform providers,11,100,0,9/19/2017
bitcoin trade value,11,100,2,9/19/2017
brokers london,23,100,4,9/19/2017
clients,36,43,3926,9/19/2017
currencies before euro,19,100,0,9/19/2017
currencies of european countries,23,100,0,9/19/2017
currency money,31,43,1614,9/19/2017
equities electronic trading,11,100,0,9/19/2017
equities trader,25,73,33,9/19/2017
etf on gold,28,100,0,9/19/2017
etoro app iphone,11,22,7,9/19/2017
etoro free money,11,97,14,9/19/2017
etoro online chat,11,100,0,9/19/2017
etoro uk tax,14,100,0,9/19/2017
exchange traded commodities,19,100,0,9/19/2017
european trading network,11,100,0,9/19/2017
financial markets,33,47,612,9/19/2017
financial options,25,86,37,9/19/2017
forex gold,21,67,130,9/19/2017
forex trading currency,23,49,421,9/19/2017
investing activities cash flow,21,100,0,9/19/2017
investments global edition,13,100,0,9/19/2017
invest on,15,95,15,9/19/2017
investment strategies that work,11,100,0,9/19/2017
market broker,13,52,153,9/19/2017
market trading for dummies,11,91,3,9/19/2017
nasdaq historical prices,12,100,0,9/19/2017
nasdaq nice,12,69,43,9/19/2017
oanda,51,64,45,9/19/2017
nasdaq yearly returns,11,100,0,9/19/2017
options trading list,11,100,0,9/19/2017
shares live streaming,11,70,91,9/19/2017
popular investors,12,100,0,9/19/2017
social app,38,100,128686,9/19/2017
statistics range,22,89,24,9/19/2017
stocks produce,11,88,102,9/19/2017
social trading opzioni binarie,11,100,0,9/19/2017
stocks for dummies,22,90,11,9/19/2017
trade bitcoin for gold,11,100,5,9/19/2017
tradesman,36,57,111,9/19/2017
trading trade,22,56,741,9/19/2017
financial track,27,72,612,9/19/2017
trade force,14,99,388,9/19/2017
trading economics,35,90,9,9/19/2017
virtual money trading,11,100,1,9/19/2017
foreign exchange online,21,92,15,9/19/2017
hot forex social trading,11,94,1,9/19/2017
investing your money,22,93,27,9/19/2017
investor,32,67,1344,9/19/2017
money funds,21,65,455,9/19/2017
forex xe,34,65,38,9/19/2017
investing forex,24,50,96,9/19/2017
investments on balance sheet,15,100,0,9/19/2017
market world trading,11,93,9,9/19/2017
nasdaq opening hours,17,100,0,9/19/2017
online track,31,62,759,9/19/2017
portfolio management,32,67,203,9/19/2017
social investment advisor,11,100,1,9/19/2017
stock earnings,21,95,69,9/19/2017
stocks to buy today,21,95,2,9/19/2017
nasdaq stock market app,13,53,131,9/19/2017
online trading offers,11,95,2,9/19/2017
real time,34,42,3458,9/19/2017
social media marketing,39,90,486,9/19/2017
stock market trading jobs,12,100,0,9/19/2017
target,47,62,4973,9/19/2017
trader todds,11,100,0,9/19/2017
trading on margin,28,100,0,9/19/2017
nasdaq future chart,11,100,3,9/19/2017
nasdaq x-stream,11,100,0,9/19/2017
options trading demo,12,68,11,9/19/2017
shares account,23,60,74,9/19/2017
social trading comparison,11,100,0,9/19/2017
trade options,32,62,236,9/19/2017
trading force,21,44,3765,9/19/2017
world world,22,29,39878,9/19/2017
nasdaq today,21,68,106,9/19/2017
financial apps,21,39,7220,9/19/2017
online trading platform,27,86,18,9/19/2017
risk,44,72,2770,9/19/2017
foreign money,23,49,285,9/19/2017
social network analysis,27,68,112,9/19/2017
invest and fund,22,93,12,9/19/2017
stocks companies,21,70,748,9/19/2017
investment funds uk,25,100,3,9/19/2017
trad,53,56,9542,9/19/2017
investors online,27,94,16,9/19/2017
trades licence,27,100,4,9/19/2017
nasdaq earnings,15,94,10,9/19/2017
trading social opciones binarias,11,100,0,9/19/2017
nasdaq value,12,99,69,9/19/2017
stock money,19,65,670,9/19/2017
online trading without broker,11,100,0,9/19/2017
tech,46,37,11133,9/19/2017
share network,22,37,6193,9/19/2017
bitcoin shares,25,67,15,9/19/2017
social trading,32,55,180,9/19/2017
currencies in uk,32,100,6,9/19/2017
stock spy,28,91,5,9/19/2017
etf ishares,12,68,0,9/19/2017
top online,17,49,1416,9/19/2017
etoro trader,22,54,104,9/19/2017
traders network,15,62,39,9/19/2017
finance world,23,47,445,9/19/2017
trading platform offers,11,100,0,9/19/2017
foreign exchange uk,21,70,22,9/19/2017
financial markets functions,15,100,0,9/19/2017
interactive brokers,38,85,13,9/19/2017
forex online,23,57,119,9/19/2017
investment for beginners,31,100,17,9/19/2017
invest with,11,95,17,9/19/2017
investors exchange,12,100,25,9/19/2017
investment uk,35,65,39,9/19/2017
nasdaq chart,24,67,51,9/19/2017
market live,23,68,157,9/19/2017
nasdaq twitter,15,100,4,9/19/2017
nasdaq listing requirements,13,100,0,9/19/2017
online trading to make money,21,100,0,9/19/2017
nasdaq zion,11,69,43,9/19/2017
selling proposition,11,100,0,9/19/2017
options trading platform uk,19,100,0,9/19/2017
social networks list,22,35,11064,9/19/2017
shares rates,13,87,312,9/19/2017
stock recommendations,19,88,11,9/19/2017
social trading stocks,11,55,53,9/19/2017
to follow,22,85,123,9/19/2017
stocks investment,32,52,691,9/19/2017
traders international,31,99,16,9/19/2017
trade bitcoin online,12,81,2,9/19/2017
trading platform europe,11,100,2,9/19/2017
trading app,24,47,4239,9/19/2017
portfolio eu,11,100,3,9/19/2017
uk shares,31,45,1027,9/19/2017
social finance,31,47,979,9/19/2017
nasdaq orbk,11,100,0,9/19/2017
stock apple,41,95,10,9/19/2017
online trading app,17,49,324,9/19/2017
stocks shares,31,50,622,9/19/2017
portfolio management software,22,100,9,9/19/2017
trader uk,31,57,28,9/19/2017
social investment business,23,99,54,9/19/2017
trading options,32,50,367,9/19/2017
stock financial,22,52,424,9/19/2017
binary options millionaires,19,100,1,9/19/2017
stocks up,23,54,37,9/19/2017
copytrader,21,91,0,9/19/2017
trade service,22,82,209,9/19/2017
equities sales and trading,11,100,0,9/19/2017
trading fx,31,49,389,9/19/2017
etoro markets,13,100,1,9/19/2017
young investors club,11,100,0,9/19/2017
exchange traded investments,11,100,0,9/19/2017
buy online,31,51,523,9/19/2017
financials market,33,56,357,9/19/2017
equities broker,17,80,29,9/19/2017
ft stocks,14,36,4006,9/19/2017
etoro education,11,99,52,9/19/2017
investing my money,21,96,5,9/19/2017
exchange traded,21,100,6,9/19/2017
investments short term,28,100,5,9/19/2017
financial markets trading,21,67,94,9/19/2017
markets group,21,68,163,9/19/2017
nasdaq price,21,73,44,9/19/2017
exchange traded stock options,11,100,0,9/19/2017
online trading europe,11,92,3,9/19/2017
follow share,11,61,154,9/19/2017
trade me,39,65,100,9/19/2017
fund money,21,53,460,9/19/2017
trading european options,11,99,5,9/19/2017
investing penny stocks,21,93,28,9/19/2017
world finance,23,49,445,9/19/2017
investments types,27,100,156,9/19/2017
forex strategies,23,88,56,9/19/2017
markets stocks,44,43,1778,9/19/2017
profit,38,60,1543,9/19/2017
nasdaq qlik,11,100,0,9/19/2017
social investment model,11,100,0,9/19/2017
online trading gold rate,11,100,1,9/19/2017
stock in trade,23,100,18,9/19/2017
profit sharing,27,85,34,9/19/2017
stocks vs shares,22,100,0,9/19/2017
social investment platform,11,100,0,9/19/2017
trade trade,22,44,6194,9/19/2017
stock launcher,17,100,3,9/19/2017
trading house,31,60,183,9/19/2017
stocks with highest dividend,25,100,0,9/19/2017
options trading made simple,11,100,0,9/19/2017
shares meaning,31,92,7,9/19/2017
social trading profits,11,100,2,9/19/2017
stocks how to,12,82,44,9/19/2017
trade bitcoin for usd,11,79,8,9/19/2017
trading 212,42,40,4240,9/19/2017
trading value,31,93,26,9/19/2017
investec uk,23,94,0,9/19/2017
investments for dummies,31,97,11,9/19/2017
market shares,27,48,444,9/19/2017
nasdaq msft,31,100,0,9/19/2017
network master,31,75,294,9/19/2017
options trading vs forex,11,100,5,9/19/2017
shares trading,31,46,623,9/19/2017
statistics for management,17,85,108,9/19/2017
stocks on sale,11,100,6,9/19/2017
trade currency,32,49,306,9/19/2017
trade with bitcoin,32,100,1,9/19/2017
trading deck,22,99,1367,9/19/2017
virtual money makers,11,100,3,9/19/2017
trading licence,27,100,0,9/19/2017
share social,22,40,6807,9/19/2017
financial express,31,93,38,9/19/2017
social trading binary option,13,90,4,9/19/2017
forex and binary,14,74,15,9/19/2017
stock up,22,81,38,9/19/2017
invest gold,33,100,32,9/19/2017
track fare,12,27,25202,9/19/2017
investment options,24,83,229,9/19/2017
traders trust,11,93,2,9/19/2017
leverage analysis,11,100,0,9/19/2017
trading range,19,100,2,9/19/2017
nasdaq fee schedule,11,100,0,9/19/2017
nasdaq wdc,22,100,0,9/19/2017
options trading brokers,21,72,71,9/19/2017
share vs stock,22,100,0,9/19/2017
social trading cfd,11,69,20,9/19/2017
stocks app,28,38,6417,9/19/2017
track money,28,50,866,9/19/2017
trades future,31,69,75,9/19/2017
trading rules,17,86,5,9/19/2017
nasdaq market,14,52,144,9/19/2017
nasdaq zyne,14,69,43,9/19/2017
options trading singapore,11,100,1,9/19/2017
shares split,22,60,288,9/19/2017
social trading tips,11,88,4,9/19/2017
stocks live,22,51,161,9/19/2017
trade bitcoin platform,11,91,1,9/19/2017
trading binary options,33,59,130,9/19/2017
united kingdom,53,52,931,9/19/2017
brokers forex,17,43,2686,9/19/2017
currency etf,21,62,324,9/19/2017
etoro,42,54,13,9/19/2017
european gas trading,11,100,0,9/19/2017
financial invest,23,65,262,9/19/2017
forex data,21,66,17,9/19/2017
invest money,35,52,231,9/19/2017
investment spending,14,47,512,9/19/2017
london stock exchange,49,48,5341,9/19/2017
nasdaq googl,32,99,67,9/19/2017
nasdaq xray,11,100,0,9/19/2017
options trading fundamentals,11,99,1,9/19/2017
shares for beginners,17,91,16,9/19/2017
social trading investment,11,100,13,9/19/2017
stocks exchange,27,62,623,9/19/2017
trade bitcoin ethereum,11,67,20,9/19/2017
trades test,22,100,21,9/19/2017
trading techniques,17,62,238,9/19/2017
profitability ratios,31,100,8,9/19/2017
social investment theory,11,100,0,9/19/2017
stock market new app,13,82,21,9/19/2017
stoke,51,73,5540,9/19/2017
trader forex,14,63,338,9/19/2017
trading markets,23,45,915,9/19/2017